SpectrumID	Compound_Name	Ion_Source	Instrument	Compound_Source	PI	Data_Collector	Adduct	Precursor_MZ	ExactMass	Charge	CAS_Number	Pubmed_ID	Smiles	INCHI	INCHI_AUX	Library_Class	IonMode	UpdateWorkflowName	LibraryQualityString	#Scan#	SpectrumFile	LibraryName	MQScore	Organism	TIC_Query	RT_Query	MZErrorPPM	SharedPeaks	MassDiff	LibMZ	SpecMZ	SpecCharge	FileScanUniqueID	NumberHits	tags	MoleculeExplorerDatasets	MoleculeExplorerFiles	molecular_formula	InChIKey	InChIKey-Planar	superclass	class	subclass	npclassifier_superclass	npclassifier_class	npclassifier_pathway	Kovats_Index_calculated	internalFilename
CCMSLIB00005446171	1,2-BENZENEDIOL	EI	EI-B	Isolated	KOGA M, UNIV. OF OCCUPATIONAL AND ENVIRONMENTAL HEALTH	KOGA M, UNIV. OF OCCUPATIONAL AND ENVIRONMENTAL HEALTH	[M]+*	110.037	110.037	1	37349-32-9	None	[H]OC=1C([H])=C([H])C([H])=C([H])C1O[H]	InChI=1S/C6H6O2/c7-5-3-1-2-4-6(5)8/h1-4,7-8H	None	1	Postive	UPDATE-SINGLE-ANNOTATED-GOLD	Gold	8	MZmine_GCMS_Guayusa_to_GNPS.mgf	lib-00000.mgf	0.958659	GC-MONA	748130.0	597.936	125.35700000000001	15	0.0137939	110.037	110.051	1	spectra_reformatted/spec-00000.mgf8	2	None	0	0	C6H6O2	YCIMNLLNPGFGHC-UHFFFAOYSA-N	YCIMNLLNPGFGHC	None	None	None	None	None	Shikimates and Phenylpropanoids	1198.3505252811747	spec-00000.mgf
CCMSLIB00005449387	CAFFEINE	EI	EI-B	Isolated	MASS SPECTROSCOPY SOC. OF JAPAN (MSSJ)	MASS SPECTROSCOPY SOC. OF JAPAN (MSSJ)	[M]+*	194.08	194.08	1	71701-02-5	None	[H]C1=NC2=C(C(=O)N(C(=O)N2C([H])([H])[H])C([H])([H])[H])N1C([H])([H])[H]	InChI=1S/C8H10N4O2/c1-10-4-9-6-5(10)7(13)12(3)8(14)11(6)2/h4H,1-3H3	None	1	Postive	UPDATE-SINGLE-ANNOTATED-GOLD	Gold	129	MZmine_GCMS_Guayusa_to_GNPS.mgf	lib-00000.mgf	0.950941	GC-MONA	4161850.0	1530.65	355623.0	52	69.0193	194.08	125.061	1	spectra_reformatted/spec-00000.mgf129	3	None	7	429	C8H10N4O2	RYYVLZVUVIJVGH-UHFFFAOYSA-N	RYYVLZVUVIJVGH	None	None	None	Pseudoalkaloids	Purine alkaloids	Alkaloids	1856.9129035442788	spec-00000.mgf
CCMSLIB00005449387	CAFFEINE	EI	EI-B	Isolated	MASS SPECTROSCOPY SOC. OF JAPAN (MSSJ)	MASS SPECTROSCOPY SOC. OF JAPAN (MSSJ)	[M]+*	194.08	194.08	1	71701-02-5	None	[H]C1=NC2=C(C(=O)N(C(=O)N2C([H])([H])[H])C([H])([H])[H])N1C([H])([H])[H]	InChI=1S/C8H10N4O2/c1-10-4-9-6-5(10)7(13)12(3)8(14)11(6)2/h4H,1-3H3	None	1	Postive	UPDATE-SINGLE-ANNOTATED-GOLD	Gold	131	MZmine_GCMS_Guayusa_to_GNPS.mgf	lib-00000.mgf	0.9503739999999999	GC-MONA	6532520.0	1539.11	236.021	49	0.045806900000000005	194.08	194.03400000000002	1	spectra_reformatted/spec-00000.mgf131	3	None	7	429	C8H10N4O2	RYYVLZVUVIJVGH-UHFFFAOYSA-N	RYYVLZVUVIJVGH	None	None	None	Pseudoalkaloids	Purine alkaloids	Alkaloids	1863.755071576661	spec-00000.mgf
CCMSLIB00005449387	CAFFEINE	EI	EI-B	Isolated	MASS SPECTROSCOPY SOC. OF JAPAN (MSSJ)	MASS SPECTROSCOPY SOC. OF JAPAN (MSSJ)	[M]+*	194.08	194.08	1	71701-02-5	None	[H]C1=NC2=C(C(=O)N(C(=O)N2C([H])([H])[H])C([H])([H])[H])N1C([H])([H])[H]	InChI=1S/C8H10N4O2/c1-10-4-9-6-5(10)7(13)12(3)8(14)11(6)2/h4H,1-3H3	None	1	Postive	UPDATE-SINGLE-ANNOTATED-GOLD	Gold	130	MZmine_GCMS_Guayusa_to_GNPS.mgf	lib-00000.mgf	0.949678	GC-MONA	4920000.0	1535.75	438056.0	50	85.0179	194.08	109.06200000000001	1	spectra_reformatted/spec-00000.mgf130	3	None	7	429	C8H10N4O2	RYYVLZVUVIJVGH-UHFFFAOYSA-N	RYYVLZVUVIJVGH	None	None	None	Pseudoalkaloids	Purine alkaloids	Alkaloids	1861.0376147694735	spec-00000.mgf
CCMSLIB00005449387	CAFFEINE	EI	EI-B	Isolated	MASS SPECTROSCOPY SOC. OF JAPAN (MSSJ)	MASS SPECTROSCOPY SOC. OF JAPAN (MSSJ)	[M]+*	194.08	194.08	1	71701-02-5	None	[H]C1=NC2=C(C(=O)N(C(=O)N2C([H])([H])[H])C([H])([H])[H])N1C([H])([H])[H]	InChI=1S/C8H10N4O2/c1-10-4-9-6-5(10)7(13)12(3)8(14)11(6)2/h4H,1-3H3	None	1	Postive	UPDATE-SINGLE-ANNOTATED-GOLD	Gold	132	MZmine_GCMS_Guayusa_to_GNPS.mgf	lib-00000.mgf	0.947398	GC-MONA	7251340.0	1541.58	233.898	42	0.0453949	194.08	194.035	1	spectra_reformatted/spec-00000.mgf132	3	None	7	429	C8H10N4O2	RYYVLZVUVIJVGH-UHFFFAOYSA-N	RYYVLZVUVIJVGH	None	None	None	Pseudoalkaloids	Purine alkaloids	Alkaloids	1865.7527258367065	spec-00000.mgf
CCMSLIB00005449387	CAFFEINE	EI	EI-B	Isolated	MASS SPECTROSCOPY SOC. OF JAPAN (MSSJ)	MASS SPECTROSCOPY SOC. OF JAPAN (MSSJ)	[M]+*	194.08	194.08	1	71701-02-5	None	[H]C1=NC2=C(C(=O)N(C(=O)N2C([H])([H])[H])C([H])([H])[H])N1C([H])([H])[H]	InChI=1S/C8H10N4O2/c1-10-4-9-6-5(10)7(13)12(3)8(14)11(6)2/h4H,1-3H3	None	1	Postive	UPDATE-SINGLE-ANNOTATED-GOLD	Gold	127	MZmine_GCMS_Guayusa_to_GNPS.mgf	lib-00000.mgf	0.9323530000000001	GC-MONA	888200.0	1519.53	529417.0	37	102.749	194.08	91.3307	1	spectra_reformatted/spec-00000.mgf127	3	None	7	429	C8H10N4O2	RYYVLZVUVIJVGH-UHFFFAOYSA-N	RYYVLZVUVIJVGH	None	None	None	Pseudoalkaloids	Purine alkaloids	Alkaloids	1847.91941553954	spec-00000.mgf
CCMSLIB00005683974	Caffeine	EI	Ion Trap	Other	None	"""SDBSWeb : https://sdbs.db.aist.go.jp (National Institute of Advanced Industrial Science and Technology, 2019)"""	[M]+*	194.0	0.0	1	None	None	None	None	None	1	Positive	UPDATE-SINGLE-ANNOTATED-GOLD	Gold	130	MZmine_GCMS_Guayusa_to_GNPS.mgf	lib-00002.mgf	0.9275129999999999	GC-BORISOV-COMPILATION	4920000.0	1535.75	437824.0	62	84.9379	194.0	109.06200000000001	1	spectra_reformatted/spec-00000.mgf130	3	None	1	5	None	None	None	None	None	None	None	None	None	1861.0376147694735	spec-00000.mgf
CCMSLIB00005683974	Caffeine	EI	Ion Trap	Other	None	"""SDBSWeb : https://sdbs.db.aist.go.jp (National Institute of Advanced Industrial Science and Technology, 2019)"""	[M]+*	194.0	0.0	1	None	None	None	None	None	1	Positive	UPDATE-SINGLE-ANNOTATED-GOLD	Gold	131	MZmine_GCMS_Guayusa_to_GNPS.mgf	lib-00002.mgf	0.9263030000000001	GC-BORISOV-COMPILATION	6532520.0	1539.11	176.263	60	0.0341949	194.0	194.03400000000002	1	spectra_reformatted/spec-00000.mgf131	3	None	1	5	None	None	None	None	None	None	None	None	None	1863.755071576661	spec-00000.mgf
CCMSLIB00005683974	Caffeine	EI	Ion Trap	Other	None	"""SDBSWeb : https://sdbs.db.aist.go.jp (National Institute of Advanced Industrial Science and Technology, 2019)"""	[M]+*	194.0	0.0	1	None	None	None	None	None	1	Positive	UPDATE-SINGLE-ANNOTATED-GOLD	Gold	129	MZmine_GCMS_Guayusa_to_GNPS.mgf	lib-00002.mgf	0.925844	GC-BORISOV-COMPILATION	4161850.0	1530.65	355357.0	59	68.9393	194.0	125.061	1	spectra_reformatted/spec-00000.mgf129	3	None	1	5	None	None	None	None	None	None	None	None	None	1856.9129035442788	spec-00000.mgf
CCMSLIB00005683974	Caffeine	EI	Ion Trap	Other	None	"""SDBSWeb : https://sdbs.db.aist.go.jp (National Institute of Advanced Industrial Science and Technology, 2019)"""	[M]+*	194.0	0.0	1	None	None	None	None	None	1	Positive	UPDATE-SINGLE-ANNOTATED-GOLD	Gold	132	MZmine_GCMS_Guayusa_to_GNPS.mgf	lib-00002.mgf	0.924364	GC-BORISOV-COMPILATION	7251340.0	1541.58	178.386	54	0.0346069	194.0	194.035	1	spectra_reformatted/spec-00000.mgf132	3	None	1	5	None	None	None	None	None	None	None	None	None	1865.7527258367065	spec-00000.mgf
CCMSLIB00005442173	alpha-Ketoisovalerate	EI	GC-MS	Isolated	DB	DB	[M]+*	116.115	0.0	1	None	None	CC(C)C(=O)C(O)=O	InChI=1S/C5H8O3/c1-3(2)4(6)5(7)8/h3H,1-2H3,(H,7,8)	None	1	Positive	UPDATE-SINGLE-ANNOTATED-GOLD	Gold	86	MZmine_GCMS_Guayusa_to_GNPS.mgf	lib-00003.mgf	0.9158799999999999	GC-HMDB	5800.09	1306.86	267524.0	8	31.0636	116.115	85.0514	1	spectra_reformatted/spec-00000.mgf86	4	None	0	0	C5H8O3	QHKABHOOEWYVLI-UHFFFAOYSA-N	QHKABHOOEWYVLI	None	None	None	Fatty Acids and Conjugates	Branched fatty acids	Fatty acids	1681.8443995693924	spec-00000.mgf
CCMSLIB00005684052	Catechol	EI	Ion Trap	Other	None	"""SDBSWeb : https://sdbs.db.aist.go.jp (National Institute of Advanced Industrial Science and Technology, 2019)"""	[M]+*	110.0	0.0	1	None	None	None	None	None	1	Positive	UPDATE-SINGLE-ANNOTATED-GOLD	Gold	8	MZmine_GCMS_Guayusa_to_GNPS.mgf	lib-00002.mgf	0.907258	GC-BORISOV-COMPILATION	748130.0	597.936	461.786	25	0.050796499999999994	110.0	110.051	1	spectra_reformatted/spec-00000.mgf8	2	None	0	0	None	None	None	None	None	None	None	None	None	1198.3505252811747	spec-00000.mgf
CCMSLIB00005683974	Caffeine	EI	Ion Trap	Other	None	"""SDBSWeb : https://sdbs.db.aist.go.jp (National Institute of Advanced Industrial Science and Technology, 2019)"""	[M]+*	194.0	0.0	1	None	None	None	None	None	1	Positive	UPDATE-SINGLE-ANNOTATED-GOLD	Gold	127	MZmine_GCMS_Guayusa_to_GNPS.mgf	lib-00002.mgf	0.9032610000000001	GC-BORISOV-COMPILATION	888200.0	1519.53	529223.0	43	102.669	194.0	91.3307	1	spectra_reformatted/spec-00000.mgf127	3	None	1	5	None	None	None	None	None	None	None	None	None	1847.91941553954	spec-00000.mgf
CCMSLIB00005457613	2-METHYLNONANE	EI	CI-B	Isolated	IIDA Y, DAISHIMA S, FAC. OF ENGINEERING, SEIKEI UNIV.	IIDA Y, DAISHIMA S, FAC. OF ENGINEERING, SEIKEI UNIV.	[M]+*	142.172	142.172	1	871-83-0	None	[H]C([H])([H])C([H])([H])C([H])([H])C([H])([H])C([H])([H])C([H])([H])C([H])([H])C([H])(C([H])([H])[H])C([H])([H])[H]	InChI=1S/C10H22/c1-4-5-6-7-8-9-10(2)3/h10H,4-9H2,1-3H3	None	1	Postive	UPDATE-SINGLE-ANNOTATED-GOLD	Gold	191	MZmine_GCMS_Guayusa_to_GNPS.mgf	lib-00000.mgf	0.8745299999999999	GC-MONA	21700.0	2870.07	598781.0	9	85.1299	142.172	57.0421	1	spectra_reformatted/spec-00000.mgf191	2	None	0	0	C10H22	SGVYKUFIHHTIFL-UHFFFAOYSA-N	SGVYKUFIHHTIFL	None	None	None	Fatty acyls	Hydrocarbons	Fatty acids	2698.849633973967	spec-00000.mgf
CCMSLIB00005457687	1-DECENE	EI	CI-B	Isolated	IIDA Y, DAISHIMA S, FAC. OF ENGINEERING, SEIKEI UNIV.	IIDA Y, DAISHIMA S, FAC. OF ENGINEERING, SEIKEI UNIV.	[M]+*	140.156	140.156	1	872-05-9	None	[H]C([H])=C([H])C([H])([H])C([H])([H])C([H])([H])C([H])([H])C([H])([H])C([H])([H])C([H])([H])C([H])([H])[H]	InChI=1S/C10H20/c1-3-5-7-9-10-8-6-4-2/h3H,1,4-10H2,2H3	None	1	Postive	UPDATE-SINGLE-ANNOTATED-GOLD	Gold	180	MZmine_GCMS_Guayusa_to_GNPS.mgf	lib-00000.mgf	0.865474	GC-MONA	50281.0	2395.11	493046.0	21	69.1034	140.156	71.0526	1	spectra_reformatted/spec-00000.mgf180	3	None	0	0	C10H20	AFFLGGQVNFXPEV-UHFFFAOYSA-N	AFFLGGQVNFXPEV	None	None	None	Fatty acyls	Hydrocarbons	Fatty acids	2299.171653638855	spec-00000.mgf
CCMSLIB00005448807	3-FORMYL INDOLE	EI	EI-B	Isolated	MASS SPECTROSCOPY SOC. OF JAPAN (MSSJ)	MASS SPECTROSCOPY SOC. OF JAPAN (MSSJ)	[M]+*	145.053	145.053	1	487-89-8	None	[H]C=1C([H])=C([H])C=2C(C([H])=O)=C([H])N([H])C2C1[H]	InChI=1S/C9H7NO/c11-6-7-5-10-9-4-2-1-3-8(7)9/h1-6,10H	None	1	Postive	UPDATE-SINGLE-ANNOTATED-GOLD	Gold	119	MZmine_GCMS_Guayusa_to_GNPS.mgf	lib-00000.mgf	0.8614139999999999	GC-MONA	4390.0	1471.01	7058.03	7	1.02379	145.053	144.029	1	spectra_reformatted/spec-00000.mgf119	2	None	0	0	C9H7NO	OLNJUISKUQQNIM-UHFFFAOYSA-N	OLNJUISKUQQNIM	None	None	None	Tryptophan alkaloids	Simple indole alkaloids	Alkaloids	1808.6780452167045	spec-00000.mgf
CCMSLIB00005441913	trans-urocanic acid	EI	GC-MS	Isolated	DB	DB	[M]+*	138.124	0.0	1	None	None	OC(=O)\C=C\C1=CNC=N1	InChI=1S/C6H6N2O2/c9-6(10)2-1-5-3-7-4-8-5/h1-4H,(H,7,8)(H,9,10)/b2-1+	None	1	Positive	UPDATE-SINGLE-ANNOTATED-GOLD	Gold	80	MZmine_GCMS_Guayusa_to_GNPS.mgf	lib-00003.mgf	0.8578790000000001	GC-HMDB	10474.0	1279.94	123251.0	6	17.0239	138.124	121.1	1	spectra_reformatted/spec-00000.mgf80	3	None	0	0	C6H6N2O2	LOIYMIARKYCTBW-OWOJBTEDSA-N	LOIYMIARKYCTBW	None	None	None	None	None	Alkaloids	1661.9280068492658	spec-00000.mgf
CCMSLIB00005684464	"""Cyclopentasiloxane, decamethyl-"""	EI	Ion Trap	Other	None	"""SDBSWeb : https://sdbs.db.aist.go.jp (National Institute of Advanced Industrial Science and Technology, 2019)"""	[M]+*	370.0	0.0	1	None	None	None	None	None	1	Positive	UPDATE-SINGLE-ANNOTATED-GOLD	Gold	7	MZmine_GCMS_Guayusa_to_GNPS.mgf	lib-00002.mgf	0.85554	GC-BORISOV-COMPILATION	4510.0	527.186	802597.0	6	296.961	370.0	73.0392	1	spectra_reformatted/spec-00000.mgf7	2	None	0	0	None	None	None	None	None	None	None	None	None	1150.206531225411	spec-00000.mgf
CCMSLIB00005457599	4-METHYLHEPTANE	EI	CI-B	Isolated	IIDA Y, DAISHIMA S, FAC. OF ENGINEERING, SEIKEI UNIV.	IIDA Y, DAISHIMA S, FAC. OF ENGINEERING, SEIKEI UNIV.	[M]+*	114.141	114.141	1	589-53-7	None	[H]C([H])([H])C([H])([H])C([H])([H])C([H])(C([H])([H])[H])C([H])([H])C([H])([H])C([H])([H])[H]	InChI=1S/C8H18/c1-4-6-8(3)7-5-2/h8H,4-7H2,1-3H3	None	1	Postive	UPDATE-SINGLE-ANNOTATED-GOLD	Gold	186	MZmine_GCMS_Guayusa_to_GNPS.mgf	lib-00000.mgf	0.847176	GC-MONA	7300.0	2672.29	377262.0	7	43.0611	114.141	71.0799	1	spectra_reformatted/spec-00000.mgf186	2	None	0	0	C8H18	CHBAWFGIXDBEBT-UHFFFAOYSA-N	CHBAWFGIXDBEBT	None	None	None	Fatty acyls	Hydrocarbons	Fatty acids	2499.0697393970772	spec-00000.mgf
CCMSLIB00005457613	2-METHYLNONANE	EI	CI-B	Isolated	IIDA Y, DAISHIMA S, FAC. OF ENGINEERING, SEIKEI UNIV.	IIDA Y, DAISHIMA S, FAC. OF ENGINEERING, SEIKEI UNIV.	[M]+*	142.172	142.172	1	871-83-0	None	[H]C([H])([H])C([H])([H])C([H])([H])C([H])([H])C([H])([H])C([H])([H])C([H])([H])C([H])(C([H])([H])[H])C([H])([H])[H]	InChI=1S/C10H22/c1-4-5-6-7-8-9-10(2)3/h10H,4-9H2,1-3H3	None	1	Postive	UPDATE-SINGLE-ANNOTATED-GOLD	Gold	208	MZmine_GCMS_Guayusa_to_GNPS.mgf	lib-00000.mgf	0.8458610000000001	GC-MONA	9720.0	3334.46	598788.0	8	85.1309	142.172	57.0411	1	spectra_reformatted/spec-00000.mgf208	2	None	0	0	C10H22	SGVYKUFIHHTIFL-UHFFFAOYSA-N	SGVYKUFIHHTIFL	None	None	None	Fatty acyls	Hydrocarbons	Fatty acids	3297.897028830669	spec-00000.mgf
CCMSLIB00005688445	Phenazine	EI	Ion Trap	Other	None	"""SDBSWeb : https://sdbs.db.aist.go.jp (National Institute of Advanced Industrial Science and Technology, 2019)"""	[M]+*	180.0	0.0	1	None	None	None	None	None	1	Positive	UPDATE-SINGLE-ANNOTATED-GOLD	Gold	133	MZmine_GCMS_Guayusa_to_GNPS.mgf	lib-00002.mgf	0.843461	GC-BORISOV-COMPILATION	29278.0	1547.14	28.9069	8	0.00520325	180.0	180.005	1	spectra_reformatted/spec-00000.mgf133	2	None	0	0	None	None	None	None	None	None	None	None	None	1870.249469839076	spec-00000.mgf
CCMSLIB00005682974	"""Benzeneethanol, 4-hydroxy-"""	EI	Ion Trap	Other	None	"""SDBSWeb : https://sdbs.db.aist.go.jp (National Institute of Advanced Industrial Science and Technology, 2019)"""	[M]+*	138.0	0.0	1	None	None	None	None	None	1	Positive	UPDATE-SINGLE-ANNOTATED-GOLD	Gold	33	MZmine_GCMS_Guayusa_to_GNPS.mgf	lib-00002.mgf	0.843	GC-BORISOV-COMPILATION	28100.0	941.923	224178.0	8	30.9365	138.0	107.06299999999999	1	spectra_reformatted/spec-00000.mgf33	2	None	0	0	None	None	None	None	None	None	None	None	None	1423.8144444975264	spec-00000.mgf
CCMSLIB00005467045	TITLE=Fiehn VocBinbase Bin #945	EI	ToF	Other	Fiehn	Fiehn VocBinbase	[M]+*	0.0	0.0	1	None	None	None	None	None	1	Positive	UPDATE-SINGLE-ANNOTATED-GOLD	Gold	184	MZmine_GCMS_Guayusa_to_GNPS.mgf	lib-00004.mgf	0.8374510000000001	GC-VOCBINBASE	8850.0	2593.5	inf	21	73.043	0.0	73.043	1	spectra_reformatted/spec-00000.mgf184	1	None	0	0	None	None	None	None	None	None	None	None	None	2435.0597111728616	spec-00000.mgf
CCMSLIB00005457618	2,2,4,6,6-PENTAMETHYLHEPTANE	EI	CI-B	Isolated	IIDA Y, DAISHIMA S, FAC. OF ENGINEERING, SEIKEI UNIV.	IIDA Y, DAISHIMA S, FAC. OF ENGINEERING, SEIKEI UNIV.	[M]+*	170.203	170.203	1	13475-82-6	None	[H]C([H])([H])C([H])(C([H])([H])C(C([H])([H])[H])(C([H])([H])[H])C([H])([H])[H])C([H])([H])C(C([H])([H])[H])(C([H])([H])[H])C([H])([H])[H]	InChI=1S/C12H26/c1-10(8-11(2,3)4)9-12(5,6)7/h10H,8-9H2,1-7H3	None	1	Postive	UPDATE-SINGLE-ANNOTATED-GOLD	Gold	190	MZmine_GCMS_Guayusa_to_GNPS.mgf	lib-00000.mgf	0.8364	GC-MONA	31170.0	2777.26	664849.0	10	113.15899999999999	170.203	57.0437	1	spectra_reformatted/spec-00000.mgf190	3	None	0	0	C12H26	VKPSKYDESGTTFR-UHFFFAOYSA-N	VKPSKYDESGTTFR	None	None	None	Fatty acyls	Hydrocarbons	Fatty acids	2598.7681381235616	spec-00000.mgf
CCMSLIB00005688445	Phenazine	EI	Ion Trap	Other	None	"""SDBSWeb : https://sdbs.db.aist.go.jp (National Institute of Advanced Industrial Science and Technology, 2019)"""	[M]+*	180.0	0.0	1	None	None	None	None	None	1	Positive	UPDATE-SINGLE-ANNOTATED-GOLD	Gold	140	MZmine_GCMS_Guayusa_to_GNPS.mgf	lib-00002.mgf	0.835939	GC-BORISOV-COMPILATION	84205.1	1550.66	76.1244	11	0.0137024	180.0	180.014	1	spectra_reformatted/spec-00000.mgf140	3	None	0	0	None	None	None	None	None	None	None	None	None	1873.096329351368	spec-00000.mgf
CCMSLIB00005467045	TITLE=Fiehn VocBinbase Bin #945	EI	ToF	Other	Fiehn	Fiehn VocBinbase	[M]+*	0.0	0.0	1	None	None	None	None	None	1	Positive	UPDATE-SINGLE-ANNOTATED-GOLD	Gold	178	MZmine_GCMS_Guayusa_to_GNPS.mgf	lib-00004.mgf	0.834276	GC-VOCBINBASE	7810.0	2375.97	inf	17	73.0361	0.0	73.0361	1	spectra_reformatted/spec-00000.mgf178	1	None	0	0	None	None	None	None	None	None	None	None	None	2290.363140562168	spec-00000.mgf
CCMSLIB00005681803	"""Acridine, 9,10-dihydro-"""	EI	Ion Trap	Other	None	"""SDBSWeb : https://sdbs.db.aist.go.jp (National Institute of Advanced Industrial Science and Technology, 2019)"""	[M]+*	181.0	0.0	1	None	None	None	None	None	1	Positive	UPDATE-SINGLE-ANNOTATED-GOLD	Gold	141	MZmine_GCMS_Guayusa_to_GNPS.mgf	lib-00002.mgf	0.832943	GC-BORISOV-COMPILATION	122199.0	1553.75	5446.38	14	0.9857940000000001	181.0	180.014	1	spectra_reformatted/spec-00000.mgf141	2	None	0	0	None	None	None	None	None	None	None	None	None	1875.595419093692	spec-00000.mgf
CCMSLIB00005449429	P-HYDROXYPHENYLACETIC ACID	EI	EI-B	Isolated	YAMAMOTO M, DEP. CHEMISTRY, FAC. SCIENCE, NARA WOMEN'S UNIV.	YAMAMOTO M, DEP. CHEMISTRY, FAC. SCIENCE, NARA WOMEN'S UNIV.	[M]+*	152.047	152.047	1	156-38-7	None	[H]OC1=C([H])C([H])=C(C([H])=C1[H])C([H])([H])C(=O)O[H]	InChI=1S/C8H8O3/c9-7-3-1-6(2-4-7)5-8(10)11/h1-4,9H,5H2,(H,10,11)	None	1	Postive	UPDATE-SINGLE-ANNOTATED-GOLD	Gold	33	MZmine_GCMS_Guayusa_to_GNPS.mgf	lib-00000.mgf	0.8320719999999999	GC-MONA	28100.0	941.923	295853.0	6	44.9835	152.047	107.06299999999999	1	spectra_reformatted/spec-00000.mgf33	2	None	0	0	C8H8O3	XQXPVVBIMDBYFF-UHFFFAOYSA-N	XQXPVVBIMDBYFF	None	None	None	Phenolic acids (C6-C1)	Simple phenolic acids	Shikimates and Phenylpropanoids	1423.8144444975264	spec-00000.mgf
CCMSLIB00005672799	"""Hexacosane, 1-iodo-"""	EI	Ion Trap	Other	None	"""L.N.Kulikova, V.G.Zaikin, Peoples Friendship University of Russia, mass spectra registration supported by US government (NIST)"""	[M]+*	492.0	0.0	1	None	None	None	"""InChI=1/C26H53I/c1-2-3-4-5-6-7-8-9-10-11-12-13-14-15-16-17-18-19-20-21-22-23-24-25-26-27/h2-26H2,1H3"""	None	1	Positive	UPDATE-SINGLE-ANNOTATED-GOLD	Gold	180	MZmine_GCMS_Guayusa_to_GNPS.mgf	lib-00002.mgf	0.830675	GC-BORISOV-COMPILATION	50281.0	2395.11	855584.0	30	420.94699999999995	492.0	71.0526	1	spectra_reformatted/spec-00000.mgf180	3	None	0	0	None	None	None	None	None	None	None	None	None	2299.171653638855	spec-00000.mgf
CCMSLIB00005451850	3-HEXANOL	EI	CI-B	Isolated	HASHIMOTO K, KYOTO COLLEGE OF PHARMACY	HASHIMOTO K, KYOTO COLLEGE OF PHARMACY	[M]+*	102.104	102.104	1	623-37-0	None	[H]OC([H])(C([H])([H])C([H])([H])[H])C([H])([H])C([H])([H])C([H])([H])[H]	InChI=1S/C6H14O/c1-3-5-6(7)4-2/h6-7H,3-5H2,1-2H3	None	1	Postive	UPDATE-SINGLE-ANNOTATED-GOLD	Gold	86	MZmine_GCMS_Guayusa_to_GNPS.mgf	lib-00000.mgf	0.8302440000000001	GC-MONA	5800.09	1306.86	167012.0	6	17.0526	102.104	85.0514	1	spectra_reformatted/spec-00000.mgf86	4	None	0	0	C6H14O	ZOCHHNOQQHDWHG-UHFFFAOYSA-N	ZOCHHNOQQHDWHG	None	None	None	Fatty acyls	Fatty alcohols	Fatty acids	1681.8443995693924	spec-00000.mgf
CCMSLIB00005455552	3,7-DIMETHYL-1-PHENYLSULFONYL-2,6-OCTADIENE	EI	EI-B	Isolated	KURARAY CO., LTD.	KURARAY CO., LTD.	[M]+*	278.134	278.134	1	None	None	[H]C=1C([H])=C([H])C(=C([H])C1[H])S(=O)(=O)C([H])([H])C([H])=C(C([H])([H])[H])C([H])([H])C([H])([H])C([H])=C(C([H])([H])[H])C([H])([H])[H]	InChI=1S/C16H22O2S/c1-14(2)8-7-9-15(3)12-13-19(17,18)16-10-5-4-6-11-16/h4-6,8,10-12H,7,9,13H2,1-3H3/b15-12+	None	1	Postive	UPDATE-SINGLE-ANNOTATED-GOLD	Gold	196	MZmine_GCMS_Guayusa_to_GNPS.mgf	lib-00000.mgf	0.8238209999999999	GC-MONA	57880.1	2979.88	751739.0	21	209.084	278.134	69.0497	1	spectra_reformatted/spec-00000.mgf196	2	None	0	0	C16H22O2S	IULKHBFGJTXXCU-UHFFFAOYSA-N	IULKHBFGJTXXCU	None	None	None	None	None	Terpenoids	2831.424256499743	spec-00000.mgf
CCMSLIB00005467465	TITLE=Fiehn VocBinbase Bin #1365	EI	ToF	Other	Fiehn	Fiehn VocBinbase	[M]+*	0.0	0.0	1	None	None	None	None	None	1	Positive	UPDATE-SINGLE-ANNOTATED-GOLD	Gold	131	MZmine_GCMS_Guayusa_to_GNPS.mgf	lib-00004.mgf	0.822634	GC-VOCBINBASE	6532520.0	1539.11	inf	64	194.03400000000002	0.0	194.03400000000002	1	spectra_reformatted/spec-00000.mgf131	3	None	0	0	None	None	None	None	None	None	None	None	None	1863.755071576661	spec-00000.mgf
CCMSLIB00005467465	TITLE=Fiehn VocBinbase Bin #1365	EI	ToF	Other	Fiehn	Fiehn VocBinbase	[M]+*	0.0	0.0	1	None	None	None	None	None	1	Positive	UPDATE-SINGLE-ANNOTATED-GOLD	Gold	129	MZmine_GCMS_Guayusa_to_GNPS.mgf	lib-00004.mgf	0.822484	GC-VOCBINBASE	4161850.0	1530.65	inf	61	125.061	0.0	125.061	1	spectra_reformatted/spec-00000.mgf129	3	None	0	0	None	None	None	None	None	None	None	None	None	1856.9129035442788	spec-00000.mgf
CCMSLIB00005675827	1H-Indole-3-carboxaldehyde	EI	Ion Trap	Other	None	"""SDBSWeb : https://sdbs.db.aist.go.jp (National Institute of Advanced Industrial Science and Technology, 2019)"""	[M]+*	145.0	0.0	1	None	None	None	None	None	1	Positive	UPDATE-SINGLE-ANNOTATED-GOLD	Gold	119	MZmine_GCMS_Guayusa_to_GNPS.mgf	lib-00002.mgf	0.821651	GC-BORISOV-COMPILATION	4390.0	1471.01	6695.14	7	0.9707950000000001	145.0	144.029	1	spectra_reformatted/spec-00000.mgf119	2	None	0	0	None	None	None	None	None	None	None	None	None	1808.6780452167045	spec-00000.mgf
CCMSLIB00005467465	TITLE=Fiehn VocBinbase Bin #1365	EI	ToF	Other	Fiehn	Fiehn VocBinbase	[M]+*	0.0	0.0	1	None	None	None	None	None	1	Positive	UPDATE-SINGLE-ANNOTATED-GOLD	Gold	130	MZmine_GCMS_Guayusa_to_GNPS.mgf	lib-00004.mgf	0.8213959999999999	GC-VOCBINBASE	4920000.0	1535.75	inf	62	109.06200000000001	0.0	109.06200000000001	1	spectra_reformatted/spec-00000.mgf130	3	None	0	0	None	None	None	None	None	None	None	None	None	1861.0376147694735	spec-00000.mgf
CCMSLIB00005684464	"""Cyclopentasiloxane, decamethyl-"""	EI	Ion Trap	Other	None	"""SDBSWeb : https://sdbs.db.aist.go.jp (National Institute of Advanced Industrial Science and Technology, 2019)"""	[M]+*	370.0	0.0	1	None	None	None	None	None	1	Positive	UPDATE-SINGLE-ANNOTATED-GOLD	Gold	32	MZmine_GCMS_Guayusa_to_GNPS.mgf	lib-00002.mgf	0.818998	GC-BORISOV-COMPILATION	2830.0	903.317	802600.0	6	296.962	370.0	73.0381	1	spectra_reformatted/spec-00000.mgf32	1	None	0	0	None	None	None	None	None	None	None	None	None	1397.8276090772504	spec-00000.mgf
CCMSLIB00005680284	4-Hydroxy-1-indanone	EI	Ion Trap	Other	None	"""SDBSWeb : https://sdbs.db.aist.go.jp (National Institute of Advanced Industrial Science and Technology, 2019)"""	[M]+*	148.0	0.0	1	None	None	None	None	None	1	Positive	UPDATE-SINGLE-ANNOTATED-GOLD	Gold	171	MZmine_GCMS_Guayusa_to_GNPS.mgf	lib-00002.mgf	0.816766	GC-BORISOV-COMPILATION	31110.0	2012.73	60.82899999999999	22	0.00900269	148.0	148.009	1	spectra_reformatted/spec-00000.mgf171	2	None	0	0	None	None	None	None	None	None	None	None	None	2135.7138532504814	spec-00000.mgf
CCMSLIB00005467045	TITLE=Fiehn VocBinbase Bin #945	EI	ToF	Other	Fiehn	Fiehn VocBinbase	[M]+*	0.0	0.0	1	None	None	None	None	None	1	Positive	UPDATE-SINGLE-ANNOTATED-GOLD	Gold	188	MZmine_GCMS_Guayusa_to_GNPS.mgf	lib-00004.mgf	0.815262	GC-VOCBINBASE	10215.7	2753.75	inf	23	354.991	0.0	354.991	1	spectra_reformatted/spec-00000.mgf188	1	None	0	0	None	None	None	None	None	None	None	None	None	2576.403194827333	spec-00000.mgf
CCMSLIB00005688661	"""Phenol, o-amino-"""	EI	Ion Trap	Other	None	"""SDBSWeb : https://sdbs.db.aist.go.jp (National Institute of Advanced Industrial Science and Technology, 2019)"""	[M]+*	109.0	0.0	1	None	None	None	None	None	1	Positive	UPDATE-SINGLE-ANNOTATED-GOLD	Gold	9	MZmine_GCMS_Guayusa_to_GNPS.mgf	lib-00002.mgf	0.8149270000000001	GC-BORISOV-COMPILATION	66960.0	622.5	711.0039999999997	8	0.0774994	109.0	109.07700000000001	1	spectra_reformatted/spec-00000.mgf9	2	None	0	0	None	None	None	None	None	None	None	None	None	1214.3986034138245	spec-00000.mgf
CCMSLIB00005457618	2,2,4,6,6-PENTAMETHYLHEPTANE	EI	CI-B	Isolated	IIDA Y, DAISHIMA S, FAC. OF ENGINEERING, SEIKEI UNIV.	IIDA Y, DAISHIMA S, FAC. OF ENGINEERING, SEIKEI UNIV.	[M]+*	170.203	170.203	1	13475-82-6	None	[H]C([H])([H])C([H])(C([H])([H])C(C([H])([H])[H])(C([H])([H])[H])C([H])([H])[H])C([H])([H])C(C([H])([H])[H])(C([H])([H])[H])C([H])([H])[H]	InChI=1S/C12H26/c1-10(8-11(2,3)4)9-12(5,6)7/h10H,8-9H2,1-7H3	None	1	Postive	UPDATE-SINGLE-ANNOTATED-GOLD	Gold	181	MZmine_GCMS_Guayusa_to_GNPS.mgf	lib-00000.mgf	0.8144239999999999	GC-MONA	56630.0	2549.07	582402.0	13	99.1265	170.203	71.0765	1	spectra_reformatted/spec-00000.mgf181	3	None	0	0	C12H26	VKPSKYDESGTTFR-UHFFFAOYSA-N	VKPSKYDESGTTFR	None	None	None	Fatty acyls	Hydrocarbons	Fatty acids	2399.1690486419398	spec-00000.mgf
CCMSLIB00005451887	METHYL DECANOATE	EI	EI-B	Isolated	HASHIMOTO K, KYOTO COLLEGE OF PHARMACY	HASHIMOTO K, KYOTO COLLEGE OF PHARMACY	[M]+*	186.162	186.162	1	110-42-9	None	[H]C([H])([H])OC(=O)C([H])([H])C([H])([H])C([H])([H])C([H])([H])C([H])([H])C([H])([H])C([H])([H])C([H])([H])C([H])([H])[H]	InChI=1S/C11H22O2/c1-3-4-5-6-7-8-9-10-11(12)13-2/h3-10H2,1-2H3	None	1	Postive	UPDATE-SINGLE-ANNOTATED-GOLD	Gold	149	MZmine_GCMS_Guayusa_to_GNPS.mgf	lib-00000.mgf	0.814283	GC-MONA	36874.0	1617.54	602285.0	22	112.12299999999999	186.162	74.0395	1	spectra_reformatted/spec-00000.mgf149	3	None	0	0	C11H22O2	YRHYCMZPEVDGFQ-UHFFFAOYSA-N	YRHYCMZPEVDGFQ	None	None	None	Fatty esters	Wax monoesters	Fatty acids	1923.203528891323	spec-00000.mgf
CCMSLIB00005467465	TITLE=Fiehn VocBinbase Bin #1365	EI	ToF	Other	Fiehn	Fiehn VocBinbase	[M]+*	0.0	0.0	1	None	None	None	None	None	1	Positive	UPDATE-SINGLE-ANNOTATED-GOLD	Gold	132	MZmine_GCMS_Guayusa_to_GNPS.mgf	lib-00004.mgf	0.812264	GC-VOCBINBASE	7251340.0	1541.58	inf	53	194.035	0.0	194.035	1	spectra_reformatted/spec-00000.mgf132	3	None	0	0	None	None	None	None	None	None	None	None	None	1865.7527258367065	spec-00000.mgf
CCMSLIB00005467045	TITLE=Fiehn VocBinbase Bin #945	EI	ToF	Other	Fiehn	Fiehn VocBinbase	[M]+*	0.0	0.0	1	None	None	None	None	None	1	Positive	UPDATE-SINGLE-ANNOTATED-GOLD	Gold	193	MZmine_GCMS_Guayusa_to_GNPS.mgf	lib-00004.mgf	0.810978	GC-VOCBINBASE	10010.0	2884.72	inf	24	354.975	0.0	354.975	1	spectra_reformatted/spec-00000.mgf193	2	None	0	0	None	None	None	None	None	None	None	None	None	2716.115044324675	spec-00000.mgf
CCMSLIB00005688702	Phenyl-4-hydroxybenzoate	EI	Ion Trap	Other	None	"""SDBSWeb : https://sdbs.db.aist.go.jp (National Institute of Advanced Industrial Science and Technology, 2019)"""	[M]+*	214.0	0.0	1	None	None	None	None	None	1	Positive	UPDATE-SINGLE-ANNOTATED-GOLD	Gold	80	MZmine_GCMS_Guayusa_to_GNPS.mgf	lib-00002.mgf	0.806733	GC-BORISOV-COMPILATION	10474.0	1279.94	434112.0	16	92.8999	214.0	121.1	1	spectra_reformatted/spec-00000.mgf80	3	None	0	0	None	None	None	None	None	None	None	None	None	1661.9280068492658	spec-00000.mgf
CCMSLIB00005455173	FORMANILIDE	EI	EI-B	Isolated	NARA WOMEN'S UNIVERSITY	NARA WOMEN'S UNIVERSITY	[M]+*	121.053	121.053	1	103-70-8	None	[H]OC([H])=NC=1C([H])=C([H])C([H])=C([H])C1[H]	InChI=1S/C7H7NO/c9-6-8-7-4-2-1-3-5-7/h1-6H,(H,8,9)	None	1	Postive	UPDATE-SINGLE-ANNOTATED-GOLD	Gold	80	MZmine_GCMS_Guayusa_to_GNPS.mgf	lib-00000.mgf	0.803945	GC-MONA	10474.0	1279.94	389.055	10	0.0470963	121.053	121.1	1	spectra_reformatted/spec-00000.mgf80	3	None	0	0	C7H7NO	DYDNPESBYVVLBO-UHFFFAOYSA-N	DYDNPESBYVVLBO	None	None	None	None	None	Shikimates and Phenylpropanoids	1661.9280068492658	spec-00000.mgf
CCMSLIB00005466576	TITLE=Fiehn VocBinbase Bin #476	EI	ToF	Other	Fiehn	Fiehn VocBinbase	[M]+*	0.0	0.0	1	None	None	None	None	None	1	Positive	UPDATE-SINGLE-ANNOTATED-GOLD	Gold	183	MZmine_GCMS_Guayusa_to_GNPS.mgf	lib-00004.mgf	0.801608	GC-VOCBINBASE	8126.31	2593.52	inf	35	73.0431	0.0	73.0431	1	spectra_reformatted/spec-00000.mgf183	2	None	0	0	None	None	None	None	None	None	None	None	None	2435.075959434881	spec-00000.mgf
CCMSLIB00005459444	Purine	EI	GC-MS	Isolated	Hiroyuki Morii, Department of Environmental Management, and Chemistry, University of Occupational and Environmental Health	Hiroyuki Morii, Department of Environmental Management, and Chemistry, University of Occupational and Environmental Health	[M]+*	120.044	120.044	1	120-73-0	None	[H]C=1N=C([H])C=2N=C([H])N([H])C2N1	InChI=1S/C5H4N4/c1-4-5(8-2-6-1)9-3-7-4/h1-3H,(H,6,7,8,9)	None	1	Postive	UPDATE-SINGLE-ANNOTATED-GOLD	Gold	46	MZmine_GCMS_Guayusa_to_GNPS.mgf	lib-00000.mgf	0.800606	GC-MONA	62970.0	1101.15	50.843999999999994	10	0.00610352	120.044	120.05	1	spectra_reformatted/spec-00000.mgf46	2	None	0	0	C5H4N4	KDCGOANMDULRCW-UHFFFAOYSA-N	KDCGOANMDULRCW	None	None	None	Pseudoalkaloids	pteridine alkaloids	Alkaloids	1532.7569989381814	spec-00000.mgf
CCMSLIB00005467465	TITLE=Fiehn VocBinbase Bin #1365	EI	ToF	Other	Fiehn	Fiehn VocBinbase	[M]+*	0.0	0.0	1	None	None	None	None	None	1	Positive	UPDATE-SINGLE-ANNOTATED-GOLD	Gold	127	MZmine_GCMS_Guayusa_to_GNPS.mgf	lib-00004.mgf	0.800541	GC-VOCBINBASE	888200.0	1519.53	inf	42	91.3307	0.0	91.3307	1	spectra_reformatted/spec-00000.mgf127	3	None	0	0	None	None	None	None	None	None	None	None	None	1847.91941553954	spec-00000.mgf
CCMSLIB00005675994	"""1-Naphthalenol, 2-amino-"""	EI	Ion Trap	Other	None	"""SDBSWeb : https://sdbs.db.aist.go.jp (National Institute of Advanced Industrial Science and Technology, 2019)"""	[M]+*	159.0	0.0	1	None	None	None	None	None	1	Positive	UPDATE-SINGLE-ANNOTATED-GOLD	Gold	22	MZmine_GCMS_Guayusa_to_GNPS.mgf	lib-00002.mgf	0.79564	GC-BORISOV-COMPILATION	21856.0	792.0169999999997	319.475	13	0.050796499999999994	159.0	159.05100000000004	1	spectra_reformatted/spec-00000.mgf22	2	None	0	0	None	None	None	None	None	None	None	None	None	1324.8463976832215	spec-00000.mgf
CCMSLIB00005467045	TITLE=Fiehn VocBinbase Bin #945	EI	ToF	Other	Fiehn	Fiehn VocBinbase	[M]+*	0.0	0.0	1	None	None	None	None	None	1	Positive	UPDATE-SINGLE-ANNOTATED-GOLD	Gold	199	MZmine_GCMS_Guayusa_to_GNPS.mgf	lib-00004.mgf	0.792289	GC-VOCBINBASE	12415.0	2997.2	inf	15	221.016	0.0	221.016	1	spectra_reformatted/spec-00000.mgf199	2	None	0	0	None	None	None	None	None	None	None	None	None	2853.6893179507133	spec-00000.mgf
CCMSLIB00005685947	Heneicosane	EI	Ion Trap	Other	None	"""SDBSWeb : https://sdbs.db.aist.go.jp (National Institute of Advanced Industrial Science and Technology, 2019)"""	[M]+*	296.0	0.0	1	None	None	None	None	None	1	Positive	UPDATE-SINGLE-ANNOTATED-GOLD	Gold	181	MZmine_GCMS_Guayusa_to_GNPS.mgf	lib-00002.mgf	0.791996	GC-BORISOV-COMPILATION	56630.0	2549.07	759877.0	26	224.923	296.0	71.0765	1	spectra_reformatted/spec-00000.mgf181	3	None	0	0	None	None	None	None	None	None	None	None	None	2399.1690486419398	spec-00000.mgf
CCMSLIB00005466531	TITLE=Fiehn VocBinbase Bin #431	EI	ToF	Other	Fiehn	Fiehn VocBinbase	[M]+*	0.0	0.0	1	None	None	None	None	None	1	Positive	UPDATE-SINGLE-ANNOTATED-GOLD	Gold	42	MZmine_GCMS_Guayusa_to_GNPS.mgf	lib-00004.mgf	0.7910560000000001	GC-VOCBINBASE	14940.0	1054.23	inf	14	280.98900000000003	0.0	280.98900000000003	1	spectra_reformatted/spec-00000.mgf42	1	None	0	0	None	None	None	None	None	None	None	None	None	1499.5951712197314	spec-00000.mgf
CCMSLIB00005451833	OCTAMETHYLCYCLOTETRASILOXANE	EI	EI-B	Isolated	HASHIMOTO K, KYOTO COLLEGE OF PHARMACY	HASHIMOTO K, KYOTO COLLEGE OF PHARMACY	[M]+*	296.075	296.075	1	104986-37-0	None	[H]C([H])([H])[Si]1(O[Si](O[Si](O[Si](O1)(C([H])([H])[H])C([H])([H])[H])(C([H])([H])[H])C([H])([H])[H])(C([H])([H])[H])C([H])([H])[H])C([H])([H])[H]	InChI=1S/C8H24O4Si4/c1-13(2)9-14(3,4)11-16(7,8)12-15(5,6)10-13/h1-8H3	None	1	Postive	UPDATE-SINGLE-ANNOTATED-GOLD	Gold	5	MZmine_GCMS_Guayusa_to_GNPS.mgf	lib-00000.mgf	0.789091	GC-MONA	10960.0	308.952	50940.5	8	15.0822	296.075	280.993	1	spectra_reformatted/spec-00000.mgf5	1	None	0	0	C8H24O4Si4	HMMGMWAXVFQUOA-UHFFFAOYSA-N	HMMGMWAXVFQUOA	None	None	None	None	None	Polyketides	0.0	spec-00000.mgf
CCMSLIB00005449420	CAFFEINE	EI	EI-B	Isolated	YAMAMOTO M, DEP. CHEMISTRY, FAC. SCIENCE, NARA WOMEN'S UNIV.	YAMAMOTO M, DEP. CHEMISTRY, FAC. SCIENCE, NARA WOMEN'S UNIV.	[M]+*	194.08	194.08	1	71701-02-5	None	[H]C1=NC2=C(C(=O)N(C(=O)N2C([H])([H])[H])C([H])([H])[H])N1C([H])([H])[H]	InChI=1S/C8H10N4O2/c1-10-4-9-6-5(10)7(13)12(3)8(14)11(6)2/h4H,1-3H3	None	1	Postive	UPDATE-SINGLE-ANNOTATED-GOLD	Gold	136	MZmine_GCMS_Guayusa_to_GNPS.mgf	lib-00000.mgf	0.788384	GC-MONA	53574.1	1548.53	232266.0	7	45.0782	194.08	149.002	1	spectra_reformatted/spec-00000.mgf136	2	None	7	429	C8H10N4O2	RYYVLZVUVIJVGH-UHFFFAOYSA-N	RYYVLZVUVIJVGH	None	None	None	Pseudoalkaloids	Purine alkaloids	Alkaloids	1871.3736558396686	spec-00000.mgf
CCMSLIB00005445371	3-Methoxy-4-Hydroxyphenylglycol sulfate	EI	GC-MS	Isolated	HMDB	HMDB	[M]+*	264.252	0.0	1	None	None	COC1=C(O)C=CC(=C1)C(CO)OS(O)(=O)=O	InChI=1S/C9H12O7S/c1-15-8-4-6(2-3-7(8)11)9(5-10)16-17(12,13)14/h2-4,9-11H,5H2,1H3,(H,12,13,14)	None	1	Positive	UPDATE-SINGLE-ANNOTATED-GOLD	Gold	51	MZmine_GCMS_Guayusa_to_GNPS.mgf	lib-00003.mgf	0.788194	GC-HMDB	31879.0	1125.06	545685.0	7	144.19799999999995	264.252	120.054	1	spectra_reformatted/spec-00000.mgf51	3	None	0	0	C9H12O7S	SBKADJXSGGTEPN-UHFFFAOYSA-N	SBKADJXSGGTEPN	None	None	None	None	None	Shikimates and Phenylpropanoids	1549.6658741874496	spec-00000.mgf
CCMSLIB00005459444	Purine	EI	GC-MS	Isolated	Hiroyuki Morii, Department of Environmental Management, and Chemistry, University of Occupational and Environmental Health	Hiroyuki Morii, Department of Environmental Management, and Chemistry, University of Occupational and Environmental Health	[M]+*	120.044	120.044	1	120-73-0	None	[H]C=1N=C([H])C=2N=C([H])N([H])C2N1	InChI=1S/C5H4N4/c1-4-5(8-2-6-1)9-3-7-4/h1-3H,(H,6,7,8,9)	None	1	Postive	UPDATE-SINGLE-ANNOTATED-GOLD	Gold	104	MZmine_GCMS_Guayusa_to_GNPS.mgf	lib-00000.mgf	0.787419	GC-MONA	48342.1	1384.42	74.1687	16	0.0089035	120.044	120.053	1	spectra_reformatted/spec-00000.mgf104	3	None	0	0	C5H4N4	KDCGOANMDULRCW-UHFFFAOYSA-N	KDCGOANMDULRCW	None	None	None	Pseudoalkaloids	pteridine alkaloids	Alkaloids	1741.1390235701394	spec-00000.mgf
CCMSLIB00005467045	TITLE=Fiehn VocBinbase Bin #945	EI	ToF	Other	Fiehn	Fiehn VocBinbase	[M]+*	0.0	0.0	1	None	None	None	None	None	1	Positive	UPDATE-SINGLE-ANNOTATED-GOLD	Gold	187	MZmine_GCMS_Guayusa_to_GNPS.mgf	lib-00004.mgf	0.787391	GC-VOCBINBASE	4480.0	2753.87	inf	7	73.0452	0.0	73.0452	1	spectra_reformatted/spec-00000.mgf187	1	None	0	0	None	None	None	None	None	None	None	None	None	2576.517350216341	spec-00000.mgf
CCMSLIB00005466531	TITLE=Fiehn VocBinbase Bin #431	EI	ToF	Other	Fiehn	Fiehn VocBinbase	[M]+*	0.0	0.0	1	None	None	None	None	None	1	Positive	UPDATE-SINGLE-ANNOTATED-GOLD	Gold	41	MZmine_GCMS_Guayusa_to_GNPS.mgf	lib-00004.mgf	0.785587	GC-VOCBINBASE	8610.0	1054.29	inf	13	73.0434	0.0	73.0434	1	spectra_reformatted/spec-00000.mgf41	1	None	0	0	None	None	None	None	None	None	None	None	None	1499.63565706303	spec-00000.mgf
CCMSLIB00005680598	"""5-(2,2,2-Tri(2-cyanoethyl)acetyl)-2-methylpyridine"""	EI	Ion Trap	Other	None	"""SDBSWeb : https://sdbs.db.aist.go.jp (National Institute of Advanced Industrial Science and Technology, 2019)"""	[M]+*	294.0	0.0	1	None	None	None	None	None	1	Positive	UPDATE-SINGLE-ANNOTATED-GOLD	Gold	51	MZmine_GCMS_Guayusa_to_GNPS.mgf	lib-00002.mgf	0.781212	GC-BORISOV-COMPILATION	31879.0	1125.06	591654.0	16	173.946	294.0	120.054	1	spectra_reformatted/spec-00000.mgf51	3	None	0	0	None	None	None	None	None	None	None	None	None	1549.6658741874496	spec-00000.mgf
CCMSLIB00005684210	cis-Hexenyl octyne carbonate	EI	Ion Trap	Other	None	"""SDBSWeb : https://sdbs.db.aist.go.jp (National Institute of Advanced Industrial Science and Technology, 2019)"""	[M]+*	236.0	0.0	1	None	None	None	None	None	1	Positive	UPDATE-SINGLE-ANNOTATED-GOLD	Gold	138	MZmine_GCMS_Guayusa_to_GNPS.mgf	lib-00002.mgf	0.781031	GC-BORISOV-COMPILATION	127959.0	1550.59	419281.0	24	98.9504	236.0	137.05	1	spectra_reformatted/spec-00000.mgf138	2	None	0	0	None	None	None	None	None	None	None	None	None	1873.039715667884	spec-00000.mgf
CCMSLIB00005457716	4-ETHYLTOLUENE	EI	CI-B	Isolated	IIDA Y, DAISHIMA S, FAC. OF ENGINEERING, SEIKEI UNIV.	IIDA Y, DAISHIMA S, FAC. OF ENGINEERING, SEIKEI UNIV.	[M]+*	120.094	120.094	1	622-96-8	None	[H]C=1C([H])=C(C([H])=C([H])C1C([H])([H])[H])C([H])([H])C([H])([H])[H]	InChI=1S/C9H12/c1-3-9-6-4-8(2)5-7-9/h4-7H,3H2,1-2H3	None	1	Postive	UPDATE-SINGLE-ANNOTATED-GOLD	Gold	79	MZmine_GCMS_Guayusa_to_GNPS.mgf	lib-00000.mgf	0.779234	GC-MONA	25373.1	1280.02	8375.09	8	1.0058	120.094	121.1	1	spectra_reformatted/spec-00000.mgf79	2	None	0	0	C9H12	JRLPEMVDPFPYPJ-UHFFFAOYSA-N	JRLPEMVDPFPYPJ	None	None	None	None	None	None	1661.9871937518515	spec-00000.mgf
CCMSLIB00005674585	"""1,2,3,4-Tetrahydro-7-isoquinolinol"""	EI	Ion Trap	Other	None	"""SDBSWeb : https://sdbs.db.aist.go.jp (National Institute of Advanced Industrial Science and Technology, 2019)"""	[M]+*	149.0	0.0	1	None	None	None	None	None	1	Positive	UPDATE-SINGLE-ANNOTATED-GOLD	Gold	105	MZmine_GCMS_Guayusa_to_GNPS.mgf	lib-00002.mgf	0.777266	GC-BORISOV-COMPILATION	82200.0	1398.15	194280.0	33	28.9477	149.0	120.052	1	spectra_reformatted/spec-00000.mgf105	2	None	0	0	None	None	None	None	None	None	None	None	None	1751.7923440852067	spec-00000.mgf
CCMSLIB00005455176	9,10-DIHYDROACRIDINE	EI	EI-B	Isolated	NARA WOMEN'S UNIVERSITY	NARA WOMEN'S UNIVERSITY	[M]+*	181.08900000000003	181.08900000000003	1	92-81-9	None	[H]C=1C([H])=C([H])C2=C(C1[H])N([H])C=3C([H])=C([H])C([H])=C([H])C3C2([H])[H]	InChI=1S/C13H11N/c1-3-7-12-10(5-1)9-11-6-2-4-8-13(11)14-12/h1-8,14H,9H2	None	1	Postive	UPDATE-SINGLE-ANNOTATED-GOLD	Gold	133	MZmine_GCMS_Guayusa_to_GNPS.mgf	lib-00000.mgf	0.776738	GC-MONA	29278.0	1547.14	5984.91	8	1.0838	181.08900000000003	180.005	1	spectra_reformatted/spec-00000.mgf133	2	None	0	0	C13H11N	HJCUTNIGJHJGCF-UHFFFAOYSA-N	HJCUTNIGJHJGCF	None	None	None	Tryptophan alkaloids|Anthranilic acid alkaloids	Quinoline alkaloids	Alkaloids	1870.249469839076	spec-00000.mgf
CCMSLIB00005442962	Methionine sulfoxide	EI	GC-MS	Isolated	ECMDB	ECMDB	[M]+*	165.21099999999996	0.0	1	None	None	CS(=O)CCC(N)C(O)=O	InChI=1S/C5H11NO3S/c1-10(9)3-2-4(6)5(7)8/h4H,2-3,6H2,1H3,(H,7,8)	None	1	Positive	UPDATE-SINGLE-ANNOTATED-GOLD	Gold	97	MZmine_GCMS_Guayusa_to_GNPS.mgf	lib-00003.mgf	0.776489	GC-HMDB	1562.0	1363.3	551917.0	7	91.1828	165.21099999999996	74.0282	1	spectra_reformatted/spec-00000.mgf97	1	None	0	0	C5H11NO3S	QEFRNWWLZKMPFJ-UHFFFAOYSA-N	QEFRNWWLZKMPFJ	None	None	None	Small peptides	Aminoacids	Amino acids and Peptides	1724.7516871332705	spec-00000.mgf
CCMSLIB00005467325	TITLE=Fiehn VocBinbase Bin #1225	EI	ToF	Other	Fiehn	Fiehn VocBinbase	[M]+*	0.0	0.0	1	None	None	None	None	None	1	Positive	UPDATE-SINGLE-ANNOTATED-GOLD	Gold	180	MZmine_GCMS_Guayusa_to_GNPS.mgf	lib-00004.mgf	0.77488	GC-VOCBINBASE	50281.0	2395.11	inf	34	71.0526	0.0	71.0526	1	spectra_reformatted/spec-00000.mgf180	3	None	0	0	None	None	None	None	None	None	None	None	None	2299.171653638855	spec-00000.mgf
CCMSLIB00005459444	Purine	EI	GC-MS	Isolated	Hiroyuki Morii, Department of Environmental Management, and Chemistry, University of Occupational and Environmental Health	Hiroyuki Morii, Department of Environmental Management, and Chemistry, University of Occupational and Environmental Health	[M]+*	120.044	120.044	1	120-73-0	None	[H]C=1N=C([H])C=2N=C([H])N([H])C2N1	InChI=1S/C5H4N4/c1-4-5(8-2-6-1)9-3-7-4/h1-3H,(H,6,7,8,9)	None	1	Postive	UPDATE-SINGLE-ANNOTATED-GOLD	Gold	11	MZmine_GCMS_Guayusa_to_GNPS.mgf	lib-00000.mgf	0.774466	GC-MONA	15800.1	627.677	114.145	7	0.0137024	120.044	120.05799999999999	1	spectra_reformatted/spec-00000.mgf11	2	None	0	0	C5H4N4	KDCGOANMDULRCW-UHFFFAOYSA-N	KDCGOANMDULRCW	None	None	None	Pseudoalkaloids	pteridine alkaloids	Alkaloids	1217.765429093799	spec-00000.mgf
CCMSLIB00005449387	CAFFEINE	EI	EI-B	Isolated	MASS SPECTROSCOPY SOC. OF JAPAN (MSSJ)	MASS SPECTROSCOPY SOC. OF JAPAN (MSSJ)	[M]+*	194.08	194.08	1	71701-02-5	None	[H]C1=NC2=C(C(=O)N(C(=O)N2C([H])([H])[H])C([H])([H])[H])N1C([H])([H])[H]	InChI=1S/C8H10N4O2/c1-10-4-9-6-5(10)7(13)12(3)8(14)11(6)2/h4H,1-3H3	None	1	Postive	UPDATE-SINGLE-ANNOTATED-GOLD	Gold	128	MZmine_GCMS_Guayusa_to_GNPS.mgf	lib-00000.mgf	0.772361	GC-MONA	643980.0	1521.6	512037.0	30	99.3762	194.08	94.7038	1	spectra_reformatted/spec-00000.mgf128	3	None	7	429	C8H10N4O2	RYYVLZVUVIJVGH-UHFFFAOYSA-N	RYYVLZVUVIJVGH	None	None	None	Pseudoalkaloids	Purine alkaloids	Alkaloids	1849.5935630368247	spec-00000.mgf
CCMSLIB00005448168	2-ETHOXYBENZOIC ACID METHYL ESTER	EI	EI-B	Isolated	KOGA M, UNIV. OF OCCUPATIONAL AND ENVIRONMENTAL HEALTH	KOGA M, UNIV. OF OCCUPATIONAL AND ENVIRONMENTAL HEALTH	[M]+*	180.079	180.079	1	3686-55-3	None	[H]C=1C([H])=C([H])C(C(=O)OC([H])([H])[H])=C(OC([H])([H])C([H])([H])[H])C1[H]	InChI=1S/C10H12O3/c1-3-13-9-7-5-4-6-8(9)10(11)12-2/h4-7H,3H2,1-2H3	None	1	Postive	UPDATE-SINGLE-ANNOTATED-GOLD	Gold	51	MZmine_GCMS_Guayusa_to_GNPS.mgf	lib-00000.mgf	0.771694	GC-MONA	31879.0	1125.06	333328.0	15	60.0253	180.079	120.054	1	spectra_reformatted/spec-00000.mgf51	3	None	0	0	C10H12O3	QAYQKAPOTVSWLS-UHFFFAOYSA-N	QAYQKAPOTVSWLS	None	None	None	Phenolic acids (C6-C1)	Simple phenolic acids	Shikimates and Phenylpropanoids	1549.6658741874496	spec-00000.mgf
CCMSLIB00005455176	9,10-DIHYDROACRIDINE	EI	EI-B	Isolated	NARA WOMEN'S UNIVERSITY	NARA WOMEN'S UNIVERSITY	[M]+*	181.08900000000003	181.08900000000003	1	92-81-9	None	[H]C=1C([H])=C([H])C2=C(C1[H])N([H])C=3C([H])=C([H])C([H])=C([H])C3C2([H])[H]	InChI=1S/C13H11N/c1-3-7-12-10(5-1)9-11-6-2-4-8-13(11)14-12/h1-8,14H,9H2	None	1	Postive	UPDATE-SINGLE-ANNOTATED-GOLD	Gold	140	MZmine_GCMS_Guayusa_to_GNPS.mgf	lib-00000.mgf	0.77093	GC-MONA	84205.1	1550.66	5937.98	8	1.0753	181.08900000000003	180.014	1	spectra_reformatted/spec-00000.mgf140	3	None	0	0	C13H11N	HJCUTNIGJHJGCF-UHFFFAOYSA-N	HJCUTNIGJHJGCF	None	None	None	Tryptophan alkaloids|Anthranilic acid alkaloids	Quinoline alkaloids	Alkaloids	1873.096329351368	spec-00000.mgf
CCMSLIB00005453009	3-(4-METHOXYPHENYLMETHOXY)PROPANOL	EI	EI-B	Isolated	ITO S, DEPT. OF CHEM., TOHOKU UNIV.	ITO S, DEPT. OF CHEM., TOHOKU UNIV.	[M]+*	196.11	196.11	1	None	None	[H]OC([H])([H])C([H])([H])C([H])([H])OC([H])([H])C1=C([H])C([H])=C(OC([H])([H])[H])C([H])=C1[H]	InChI=1S/C11H16O3/c1-13-11-5-3-10(4-6-11)9-14-8-2-7-12/h3-6,12H,2,7-9H2,1H3	None	1	Postive	UPDATE-SINGLE-ANNOTATED-GOLD	Gold	99	MZmine_GCMS_Guayusa_to_GNPS.mgf	lib-00000.mgf	0.770688	GC-MONA	6080.01	1366.35	301124.0	9	59.0534	196.11	137.05700000000002	1	spectra_reformatted/spec-00000.mgf99	2	None	0	0	C11H16O3	BGEHPNIXVMWYJD-UHFFFAOYSA-N	BGEHPNIXVMWYJD	None	None	None	None	None	None	1727.1182295637846	spec-00000.mgf
CCMSLIB00005673558	"""Tetracosane, 1-iodo-"""	EI	Ion Trap	Other	None	"""L.N.Kulikova, V.G.Zaikin, Peoples Friendship University of Russia, mass spectra registration supported by US government (NIST)"""	[M]+*	464.0	0.0	1	None	None	None	"""InChI=1/C24H49I/c1-2-3-4-5-6-7-8-9-10-11-12-13-14-15-16-17-18-19-20-21-22-23-24-25/h2-24H2,1H3"""	None	1	Positive	UPDATE-SINGLE-ANNOTATED-GOLD	Gold	190	MZmine_GCMS_Guayusa_to_GNPS.mgf	lib-00002.mgf	0.76972	GC-BORISOV-COMPILATION	31170.0	2777.26	877061.0	14	406.95599999999996	464.0	57.0437	1	spectra_reformatted/spec-00000.mgf190	3	None	0	0	None	None	None	None	None	None	None	None	None	2598.7681381235616	spec-00000.mgf
CCMSLIB00005447673	1,2-BENZENEDICARBOXYLIC ANHYDRIDE	EI	CI-B	Isolated	MASS SPECTROSCOPY SOC. OF JAPAN (MSSJ)	MASS SPECTROSCOPY SOC. OF JAPAN (MSSJ)	[M]+*	148.016	148.016	1	85-44-9	None	[H]C=1C([H])=C([H])C=2C(=O)OC(=O)C2C1[H]	InChI=1S/C8H4O3/c9-7-5-3-1-2-4-6(5)8(10)11-7/h1-4H	None	1	Postive	UPDATE-SINGLE-ANNOTATED-GOLD	Gold	134	MZmine_GCMS_Guayusa_to_GNPS.mgf	lib-00000.mgf	0.769359	GC-MONA	4186.04	1548.59	6660.05	7	0.9857940000000001	148.016	149.002	1	spectra_reformatted/spec-00000.mgf134	2	None	0	0	C8H4O3	LGRFSURHDFAFJT-UHFFFAOYSA-N	LGRFSURHDFAFJT	None	None	None	None	None	Shikimates and Phenylpropanoids	1871.422181854082	spec-00000.mgf
CCMSLIB00005687272	"""N,N-Dibenzylethylenediamine diacetate"""	EI	Ion Trap	Other	None	"""SDBSWeb : https://sdbs.db.aist.go.jp (National Institute of Advanced Industrial Science and Technology, 2019)"""	[M]+*	324.0	0.0	1	None	None	None	None	None	1	Positive	UPDATE-SINGLE-ANNOTATED-GOLD	Gold	11	MZmine_GCMS_Guayusa_to_GNPS.mgf	lib-00002.mgf	0.767439	GC-BORISOV-COMPILATION	15800.1	627.677	629452.0	12	203.942	324.0	120.05799999999999	1	spectra_reformatted/spec-00000.mgf11	2	None	0	0	None	None	None	None	None	None	None	None	None	1217.765429093799	spec-00000.mgf
CCMSLIB00005455176	9,10-DIHYDROACRIDINE	EI	EI-B	Isolated	NARA WOMEN'S UNIVERSITY	NARA WOMEN'S UNIVERSITY	[M]+*	181.08900000000003	181.08900000000003	1	92-81-9	None	[H]C=1C([H])=C([H])C2=C(C1[H])N([H])C=3C([H])=C([H])C([H])=C([H])C3C2([H])[H]	InChI=1S/C13H11N/c1-3-7-12-10(5-1)9-11-6-2-4-8-13(11)14-12/h1-8,14H,9H2	None	1	Postive	UPDATE-SINGLE-ANNOTATED-GOLD	Gold	141	MZmine_GCMS_Guayusa_to_GNPS.mgf	lib-00000.mgf	0.766139	GC-MONA	122199.0	1553.75	5935.2	10	1.0748	181.08900000000003	180.014	1	spectra_reformatted/spec-00000.mgf141	2	None	0	0	C13H11N	HJCUTNIGJHJGCF-UHFFFAOYSA-N	HJCUTNIGJHJGCF	None	None	None	Tryptophan alkaloids|Anthranilic acid alkaloids	Quinoline alkaloids	Alkaloids	1875.595419093692	spec-00000.mgf
CCMSLIB00005674300	"""1-(2,4-Dihydroxyphenyl)-2-(4-methoxy-3-nitrophenyl)ethanone"""	EI	Ion Trap	Other	None	"""SDBSWeb : https://sdbs.db.aist.go.jp (National Institute of Advanced Industrial Science and Technology, 2019)"""	[M]+*	303.0	0.0	1	None	None	None	None	None	1	Positive	UPDATE-SINGLE-ANNOTATED-GOLD	Gold	99	MZmine_GCMS_Guayusa_to_GNPS.mgf	lib-00002.mgf	0.765936	GC-BORISOV-COMPILATION	6080.01	1366.35	547668.0	17	165.94299999999996	303.0	137.05700000000002	1	spectra_reformatted/spec-00000.mgf99	2	None	0	0	None	None	None	None	None	None	None	None	None	1727.1182295637846	spec-00000.mgf
CCMSLIB00005456027	ORTHO-AMINOPHENOL	EI	EI-B	Isolated	TAJIMA S, GUNMA COLLEGE OF TECHNOLOGY	TAJIMA S, GUNMA COLLEGE OF TECHNOLOGY	[M]+*	109.053	109.053	1	95-55-6	None	[H]OC=1C([H])=C([H])C([H])=C([H])C1N([H])[H]	InChI=1S/C6H7NO/c7-5-3-1-2-4-6(5)8/h1-4,8H,7H2	None	1	Postive	UPDATE-SINGLE-ANNOTATED-GOLD	Gold	9	MZmine_GCMS_Guayusa_to_GNPS.mgf	lib-00000.mgf	0.765595	GC-MONA	66960.0	622.5	224.643	6	0.024498	109.053	109.07700000000001	1	spectra_reformatted/spec-00000.mgf9	2	None	0	0	C6H7NO	CDAWCLOXVUBKRW-UHFFFAOYSA-N	CDAWCLOXVUBKRW	None	None	None	Small peptides	Aminoacids	Shikimates and Phenylpropanoids	1214.3986034138245	spec-00000.mgf
CCMSLIB00005679825	"""4,4'-Ethylenedi-m-toluidine"""	EI	Ion Trap	Other	None	"""SDBSWeb : https://sdbs.db.aist.go.jp (National Institute of Advanced Industrial Science and Technology, 2019)"""	[M]+*	240.0	0.0	1	None	None	None	None	None	1	Positive	UPDATE-SINGLE-ANNOTATED-GOLD	Gold	104	MZmine_GCMS_Guayusa_to_GNPS.mgf	lib-00002.mgf	0.763787	GC-BORISOV-COMPILATION	48342.1	1384.42	499780.0	35	119.947	240.0	120.053	1	spectra_reformatted/spec-00000.mgf104	3	None	0	0	None	None	None	None	None	None	None	None	None	1741.1390235701394	spec-00000.mgf
CCMSLIB00005453512	4-METHYL-8-HYDROXYQUINOLINE	EI	EI-B	Isolated	HASHIMOTO K, KYOTO COLLEGE OF PHARMACY	HASHIMOTO K, KYOTO COLLEGE OF PHARMACY	[M]+*	159.06799999999996	159.06799999999996	1	3846-73-9	None	[H]OC1=C([H])C([H])=C([H])C=2C1=NC([H])=C([H])C2C([H])([H])[H]	InChI=1S/C10H9NO/c1-7-5-6-11-10-8(7)3-2-4-9(10)12/h2-6,12H,1H3	None	1	Postive	UPDATE-SINGLE-ANNOTATED-GOLD	Gold	22	MZmine_GCMS_Guayusa_to_GNPS.mgf	lib-00000.mgf	0.7636149999999999	GC-MONA	21856.0	792.0169999999997	108.109	9	0.017196700000000002	159.06799999999996	159.05100000000004	1	spectra_reformatted/spec-00000.mgf22	2	None	0	0	C10H9NO	OYUKRQOCPFZNHR-UHFFFAOYSA-N	OYUKRQOCPFZNHR	None	None	None	Anthranilic acid alkaloids	Quinoline alkaloids	Alkaloids	1324.8463976832215	spec-00000.mgf
CCMSLIB00005684530	"""Decane, 1-iodo-"""	EI	Ion Trap	Other	None	"""SDBSWeb : https://sdbs.db.aist.go.jp (National Institute of Advanced Industrial Science and Technology, 2019)"""	[M]+*	268.0	0.0	1	None	None	None	None	None	1	Positive	UPDATE-SINGLE-ANNOTATED-GOLD	Gold	191	MZmine_GCMS_Guayusa_to_GNPS.mgf	lib-00002.mgf	0.762274	GC-BORISOV-COMPILATION	21700.0	2870.07	787156.0	9	210.958	268.0	57.0421	1	spectra_reformatted/spec-00000.mgf191	2	None	0	0	None	None	None	None	None	None	None	None	None	2698.849633973967	spec-00000.mgf
CCMSLIB00005457057	LAURIC ACID	EI	EI-B	Isolated	YAMAMOTO M, DEP. CHEMISTRY, FAC. SCIENCE, NARA WOMEN'S UNIV.	YAMAMOTO M, DEP. CHEMISTRY, FAC. SCIENCE, NARA WOMEN'S UNIV.	[M]+*	200.178	200.178	1	8045-27-0	None	[H]OC(=O)C([H])([H])C([H])([H])C([H])([H])C([H])([H])C([H])([H])C([H])([H])C([H])([H])C([H])([H])C([H])([H])C([H])([H])C([H])([H])[H]	InChI=1S/C12H24O2/c1-2-3-4-5-6-7-8-9-10-11-12(13)14/h2-11H2,1H3,(H,13,14)	None	1	Postive	UPDATE-SINGLE-ANNOTATED-GOLD	Gold	156	MZmine_GCMS_Guayusa_to_GNPS.mgf	lib-00000.mgf	0.76126	GC-MONA	24711.0	1664.6	635193.0	34	127.152	200.178	73.0264	1	spectra_reformatted/spec-00000.mgf156	2	None	0	0	C12H24O2	POULHZVOKOAJMA-UHFFFAOYSA-N	POULHZVOKOAJMA	None	None	None	Fatty Acids and Conjugates	Branched fatty acids|Unsaturated fatty acids	Fatty acids	1955.6878262518171	spec-00000.mgf
CCMSLIB00005686009	Hexadecanamide	EI	Ion Trap	Other	None	"""SDBSWeb : https://sdbs.db.aist.go.jp (National Institute of Advanced Industrial Science and Technology, 2019)"""	[M]+*	255.0	0.0	1	None	None	None	None	None	1	Positive	UPDATE-SINGLE-ANNOTATED-GOLD	Gold	195	MZmine_GCMS_Guayusa_to_GNPS.mgf	lib-00002.mgf	0.7611760000000001	GC-BORISOV-COMPILATION	29626.9	2936.91	768561.0	63	195.983	255.0	59.0169	1	spectra_reformatted/spec-00000.mgf195	3	None	0	0	None	None	None	None	None	None	None	None	None	2778.024854254213	spec-00000.mgf
CCMSLIB00005467045	TITLE=Fiehn VocBinbase Bin #945	EI	ToF	Other	Fiehn	Fiehn VocBinbase	[M]+*	0.0	0.0	1	None	None	None	None	None	1	Positive	UPDATE-SINGLE-ANNOTATED-GOLD	Gold	182	MZmine_GCMS_Guayusa_to_GNPS.mgf	lib-00004.mgf	0.7609090000000001	GC-VOCBINBASE	2504.0	2593.49	inf	6	73.0436	0.0	73.0436	1	spectra_reformatted/spec-00000.mgf182	1	None	0	0	None	None	None	None	None	None	None	None	None	2435.051587041852	spec-00000.mgf
CCMSLIB00005684530	"""Decane, 1-iodo-"""	EI	Ion Trap	Other	None	"""SDBSWeb : https://sdbs.db.aist.go.jp (National Institute of Advanced Industrial Science and Technology, 2019)"""	[M]+*	268.0	0.0	1	None	None	None	None	None	1	Positive	UPDATE-SINGLE-ANNOTATED-GOLD	Gold	186	MZmine_GCMS_Guayusa_to_GNPS.mgf	lib-00002.mgf	0.7574930000000001	GC-BORISOV-COMPILATION	7300.0	2672.29	734776.0	10	196.92	268.0	71.0799	1	spectra_reformatted/spec-00000.mgf186	2	None	0	0	None	None	None	None	None	None	None	None	None	2499.0697393970772	spec-00000.mgf
CCMSLIB00005466934	TITLE=Fiehn VocBinbase Bin #834	EI	ToF	Other	Fiehn	Fiehn VocBinbase	[M]+*	0.0	0.0	1	None	None	None	None	None	1	Positive	UPDATE-SINGLE-ANNOTATED-GOLD	Gold	164	MZmine_GCMS_Guayusa_to_GNPS.mgf	lib-00004.mgf	0.756211	GC-VOCBINBASE	3641.3	1705.23	inf	15	73.0366	0.0	73.0366	1	spectra_reformatted/spec-00000.mgf164	1	None	0	0	None	None	None	None	None	None	None	None	None	1983.733661393272	spec-00000.mgf
CCMSLIB00005454373	3,4-DIHYDROCOUMARIN	EI	EI-B	Isolated	SODA AROMATIC CO., LTD.	SODA AROMATIC CO., LTD.	[M]+*	148.05200000000005	148.05200000000005	1	119-84-6	None	[H]C=1C([H])=C([H])C2=C(OC(=O)C([H])([H])C2([H])[H])C1[H]	InChI=1S/C9H8O2/c10-9-6-5-7-3-1-2-4-8(7)11-9/h1-4H,5-6H2	None	1	Postive	UPDATE-SINGLE-ANNOTATED-GOLD	Gold	171	MZmine_GCMS_Guayusa_to_GNPS.mgf	lib-00000.mgf	0.754896	GC-MONA	31110.0	2012.73	290.434	20	0.042999300000000004	148.05200000000005	148.009	1	spectra_reformatted/spec-00000.mgf171	2	None	0	0	C9H8O2	VMUXSMXIQBNMGZ-UHFFFAOYSA-N	VMUXSMXIQBNMGZ	None	None	None	None	None	Shikimates and Phenylpropanoids	2135.7138532504814	spec-00000.mgf
CCMSLIB00005466325	TITLE= nonalactone (gamma-)	EI	ToF	Other	Fiehn	Fiehn VocBinbase	[M]+*	0.0	0.0	1	None	None	None	None	None	1	Positive	UPDATE-SINGLE-ANNOTATED-GOLD	Gold	86	MZmine_GCMS_Guayusa_to_GNPS.mgf	lib-00004.mgf	0.754606	GC-VOCBINBASE	5800.09	1306.86	inf	26	85.0514	0.0	85.0514	1	spectra_reformatted/spec-00000.mgf86	4	None	0	0	None	None	None	None	None	None	None	None	None	1681.8443995693924	spec-00000.mgf
CCMSLIB00005451887	METHYL DECANOATE	EI	EI-B	Isolated	HASHIMOTO K, KYOTO COLLEGE OF PHARMACY	HASHIMOTO K, KYOTO COLLEGE OF PHARMACY	[M]+*	186.162	186.162	1	110-42-9	None	[H]C([H])([H])OC(=O)C([H])([H])C([H])([H])C([H])([H])C([H])([H])C([H])([H])C([H])([H])C([H])([H])C([H])([H])C([H])([H])[H]	InChI=1S/C11H22O2/c1-3-4-5-6-7-8-9-10-11(12)13-2/h3-10H2,1-2H3	None	1	Postive	UPDATE-SINGLE-ANNOTATED-GOLD	Gold	170	MZmine_GCMS_Guayusa_to_GNPS.mgf	lib-00000.mgf	0.754574	GC-MONA	4600.0	1980.79	602328.0	6	112.131	186.162	74.0315	1	spectra_reformatted/spec-00000.mgf170	1	None	0	0	C11H22O2	YRHYCMZPEVDGFQ-UHFFFAOYSA-N	YRHYCMZPEVDGFQ	None	None	None	Fatty esters	Wax monoesters	Fatty acids	2123.41055116296	spec-00000.mgf
CCMSLIB00005675469	1-Amino-2-methylnaphthalene	EI	Ion Trap	Other	None	"""SDBSWeb : https://sdbs.db.aist.go.jp (National Institute of Advanced Industrial Science and Technology, 2019)"""	[M]+*	157.0	0.0	1	None	None	None	None	None	1	Positive	UPDATE-SINGLE-ANNOTATED-GOLD	Gold	56	MZmine_GCMS_Guayusa_to_GNPS.mgf	lib-00002.mgf	0.754204	GC-BORISOV-COMPILATION	6910.0	1172.74	6020.42	8	0.945206	157.0	156.055	1	spectra_reformatted/spec-00000.mgf56	1	None	0	0	None	None	None	None	None	None	None	None	None	1583.3846183064425	spec-00000.mgf
CCMSLIB00005450827	P-TOLUALDEHYDE	EI	EI-B	Isolated	MASS SPECTROSCOPY SOC. OF JAPAN (MSSJ)	MASS SPECTROSCOPY SOC. OF JAPAN (MSSJ)	[M]+*	120.058	120.058	1	104-87-0	None	[H]C(=O)C1=C([H])C([H])=C(C([H])=C1[H])C([H])([H])[H]	InChI=1S/C8H8O/c1-7-2-4-8(6-9)5-3-7/h2-6H,1H3	None	1	Postive	UPDATE-SINGLE-ANNOTATED-GOLD	Gold	10	MZmine_GCMS_Guayusa_to_GNPS.mgf	lib-00000.mgf	0.753699	GC-MONA	36930.0	627.694	13.345	10	0.00160217	120.058	120.06	1	spectra_reformatted/spec-00000.mgf10	2	None	0	0	C8H8O	FXLOVSHXALFLKQ-UHFFFAOYSA-N	FXLOVSHXALFLKQ	None	None	None	None	None	Shikimates and Phenylpropanoids	1217.776484924697	spec-00000.mgf
CCMSLIB00005686133	Homovanillyl alcohol	EI	Ion Trap	Other	None	"""SDBSWeb : https://sdbs.db.aist.go.jp (National Institute of Advanced Industrial Science and Technology, 2019)"""	[M]+*	168.0	0.0	1	None	None	None	None	None	1	Positive	UPDATE-SINGLE-ANNOTATED-GOLD	Gold	48	MZmine_GCMS_Guayusa_to_GNPS.mgf	lib-00002.mgf	0.752949	GC-BORISOV-COMPILATION	8006.07	1102.35	184226.0	26	30.95	168.0	137.05	1	spectra_reformatted/spec-00000.mgf48	1	None	0	0	None	None	None	None	None	None	None	None	None	1533.6056250485587	spec-00000.mgf
CCMSLIB00005679817	"""4,4'-Dimethylbenzoin"""	EI	Ion Trap	Other	None	"""SDBSWeb : https://sdbs.db.aist.go.jp (National Institute of Advanced Industrial Science and Technology, 2019)"""	[M]+*	240.0	0.0	1	None	None	None	None	None	1	Positive	UPDATE-SINGLE-ANNOTATED-GOLD	Gold	79	MZmine_GCMS_Guayusa_to_GNPS.mgf	lib-00002.mgf	0.7528199999999999	GC-BORISOV-COMPILATION	25373.1	1280.02	495418.0	20	118.9	240.0	121.1	1	spectra_reformatted/spec-00000.mgf79	2	None	0	0	None	None	None	None	None	None	None	None	None	1661.9871937518515	spec-00000.mgf
CCMSLIB00005448168	2-ETHOXYBENZOIC ACID METHYL ESTER	EI	EI-B	Isolated	KOGA M, UNIV. OF OCCUPATIONAL AND ENVIRONMENTAL HEALTH	KOGA M, UNIV. OF OCCUPATIONAL AND ENVIRONMENTAL HEALTH	[M]+*	180.079	180.079	1	3686-55-3	None	[H]C=1C([H])=C([H])C(C(=O)OC([H])([H])[H])=C(OC([H])([H])C([H])([H])[H])C1[H]	InChI=1S/C10H12O3/c1-3-13-9-7-5-4-6-8(9)10(11)12-2/h4-7H,3H2,1-2H3	None	1	Postive	UPDATE-SINGLE-ANNOTATED-GOLD	Gold	105	MZmine_GCMS_Guayusa_to_GNPS.mgf	lib-00000.mgf	0.752448	GC-MONA	82200.0	1398.15	333335.0	24	60.0267	180.079	120.052	1	spectra_reformatted/spec-00000.mgf105	2	None	0	0	C10H12O3	QAYQKAPOTVSWLS-UHFFFAOYSA-N	QAYQKAPOTVSWLS	None	None	None	Phenolic acids (C6-C1)	Simple phenolic acids	Shikimates and Phenylpropanoids	1751.7923440852067	spec-00000.mgf
CCMSLIB00005673558	"""Tetracosane, 1-iodo-"""	EI	Ion Trap	Other	None	"""L.N.Kulikova, V.G.Zaikin, Peoples Friendship University of Russia, mass spectra registration supported by US government (NIST)"""	[M]+*	464.0	0.0	1	None	None	None	"""InChI=1/C24H49I/c1-2-3-4-5-6-7-8-9-10-11-12-13-14-15-16-17-18-19-20-21-22-23-24-25/h2-24H2,1H3"""	None	1	Positive	UPDATE-SINGLE-ANNOTATED-GOLD	Gold	208	MZmine_GCMS_Guayusa_to_GNPS.mgf	lib-00002.mgf	0.751918	GC-BORISOV-COMPILATION	9720.0	3334.46	877067.0	10	406.959	464.0	57.0411	1	spectra_reformatted/spec-00000.mgf208	2	None	0	0	None	None	None	None	None	None	None	None	None	3297.897028830669	spec-00000.mgf
CCMSLIB00005686133	Homovanillyl alcohol	EI	Ion Trap	Other	None	"""SDBSWeb : https://sdbs.db.aist.go.jp (National Institute of Advanced Industrial Science and Technology, 2019)"""	[M]+*	168.0	0.0	1	None	None	None	None	None	1	Positive	UPDATE-SINGLE-ANNOTATED-GOLD	Gold	98	MZmine_GCMS_Guayusa_to_GNPS.mgf	lib-00002.mgf	0.7494109999999999	GC-BORISOV-COMPILATION	10933.0	1366.41	184189.0	19	30.9438	168.0	137.056	1	spectra_reformatted/spec-00000.mgf98	2	None	0	0	None	None	None	None	None	None	None	None	None	1727.1647844968438	spec-00000.mgf
CCMSLIB00005683224	"""Benzofuran, 2,3-dihydro-"""	EI	Ion Trap	Other	None	"""SDBSWeb : https://sdbs.db.aist.go.jp (National Institute of Advanced Industrial Science and Technology, 2019)"""	[M]+*	120.0	0.0	1	None	None	None	None	None	1	Positive	UPDATE-SINGLE-ANNOTATED-GOLD	Gold	10	MZmine_GCMS_Guayusa_to_GNPS.mgf	lib-00002.mgf	0.747685	GC-BORISOV-COMPILATION	36930.0	627.694	496.67400000000004	14	0.0596008	120.0	120.06	1	spectra_reformatted/spec-00000.mgf10	2	None	0	0	None	None	None	None	None	None	None	None	None	1217.776484924697	spec-00000.mgf
CCMSLIB00005677879	2-Hydroxy-4-isopropyl-7-methoxytropone	EI	Ion Trap	Other	None	"""SDBSWeb : https://sdbs.db.aist.go.jp (National Institute of Advanced Industrial Science and Technology, 2019)"""	[M]+*	194.0	0.0	1	None	None	None	None	None	1	Positive	UPDATE-SINGLE-ANNOTATED-GOLD	Gold	90	MZmine_GCMS_Guayusa_to_GNPS.mgf	lib-00002.mgf	0.74746	GC-BORISOV-COMPILATION	19593.0	1335.82	206.702	38	0.0401001	194.0	194.04	1	spectra_reformatted/spec-00000.mgf90	1	None	0	0	None	None	None	None	None	None	None	None	None	1703.4295277921167	spec-00000.mgf
CCMSLIB00005675396	"""12-Oleanen-3-yl acetate, (3.alpha.)-"""	EI	Ion Trap	Other	None	"""SDBSWeb : https://sdbs.db.aist.go.jp (National Institute of Advanced Industrial Science and Technology, 2019)"""	[M]+*	468.0	0.0	1	None	None	None	None	None	1	Positive	UPDATE-SINGLE-ANNOTATED-GOLD	Gold	215	MZmine_GCMS_Guayusa_to_GNPS.mgf	lib-00002.mgf	0.746873	GC-BORISOV-COMPILATION	33071.0	3463.98	533885.0	77	249.858	468.0	218.142	1	spectra_reformatted/spec-00000.mgf215	1	None	0	0	None	None	None	None	None	None	None	None	None	0.0	spec-00000.mgf
CCMSLIB00005687755	"""Nonane, 2,2,4,4,6,8,8-heptamethyl-"""	EI	Ion Trap	Other	None	"""SDBSWeb : https://sdbs.db.aist.go.jp (National Institute of Advanced Industrial Science and Technology, 2019)"""	[M]+*	226.0	0.0	1	None	None	None	None	None	1	Positive	UPDATE-SINGLE-ANNOTATED-GOLD	Gold	173	MZmine_GCMS_Guayusa_to_GNPS.mgf	lib-00002.mgf	0.7461479999999999	GC-BORISOV-COMPILATION	4050.0	2177.64	747649.0	6	168.96900000000005	226.0	57.0313	1	spectra_reformatted/spec-00000.mgf173	1	None	0	0	None	None	None	None	None	None	None	None	None	2199.2372579860207	spec-00000.mgf
CCMSLIB00005675396	"""12-Oleanen-3-yl acetate, (3.alpha.)-"""	EI	Ion Trap	Other	None	"""SDBSWeb : https://sdbs.db.aist.go.jp (National Institute of Advanced Industrial Science and Technology, 2019)"""	[M]+*	468.0	0.0	1	None	None	None	None	None	1	Positive	UPDATE-SINGLE-ANNOTATED-GOLD	Gold	216	MZmine_GCMS_Guayusa_to_GNPS.mgf	lib-00002.mgf	0.746034	GC-BORISOV-COMPILATION	30710.0	3464.2	533884.0	33	249.858	468.0	218.142	1	spectra_reformatted/spec-00000.mgf216	1	None	0	0	None	None	None	None	None	None	None	None	None	0.0	spec-00000.mgf
CCMSLIB00005679825	"""4,4'-Ethylenedi-m-toluidine"""	EI	Ion Trap	Other	None	"""SDBSWeb : https://sdbs.db.aist.go.jp (National Institute of Advanced Industrial Science and Technology, 2019)"""	[M]+*	240.0	0.0	1	None	None	None	None	None	1	Positive	UPDATE-SINGLE-ANNOTATED-GOLD	Gold	75	MZmine_GCMS_Guayusa_to_GNPS.mgf	lib-00002.mgf	0.745977	GC-BORISOV-COMPILATION	60782.1	1263.71	499790.0	28	119.95	240.0	120.05	1	spectra_reformatted/spec-00000.mgf75	2	None	0	0	None	None	None	None	None	None	None	None	None	1649.9204639871687	spec-00000.mgf
CCMSLIB00005467064	TITLE=Fiehn VocBinbase Bin #964	EI	ToF	Other	Fiehn	Fiehn VocBinbase	[M]+*	0.0	0.0	1	None	None	None	None	None	1	Positive	UPDATE-SINGLE-ANNOTATED-GOLD	Gold	190	MZmine_GCMS_Guayusa_to_GNPS.mgf	lib-00004.mgf	0.7406699999999999	GC-VOCBINBASE	31170.0	2777.26	inf	13	57.0437	0.0	57.0437	1	spectra_reformatted/spec-00000.mgf190	3	None	0	0	None	None	None	None	None	None	None	None	None	2598.7681381235616	spec-00000.mgf
CCMSLIB00005455925	(Z)-5-METHOXY-3,5-DIMETHYL-2-HEXENYLTRIMETHYLSILANE	EI	EI-B	Isolated	HISAHIRO HAGIWARA, CHEMICAL RESEARCH INSTITUTE OF NON-AQUEOUSSOLUTIONS TOHOKU UNIV.	HISAHIRO HAGIWARA, CHEMICAL RESEARCH INSTITUTE OF NON-AQUEOUSSOLUTIONS TOHOKU UNIV.	[M]+*	214.175	214.175	1	None	None	[H]C(=C(C([H])([H])[H])C([H])([H])C(OC([H])([H])[H])(C([H])([H])[H])C([H])([H])[H])C([H])([H])[Si](C([H])([H])[H])(C([H])([H])[H])C([H])([H])[H]	InChI=1S/C12H26OSi/c1-11(8-9-14(5,6)7)10-12(2,3)13-4/h8H,9-10H2,1-7H3/b11-8-	None	1	Postive	UPDATE-SINGLE-ANNOTATED-GOLD	Gold	125	MZmine_GCMS_Guayusa_to_GNPS.mgf	lib-00000.mgf	0.7402270000000001	GC-MONA	3317.01	1499.27	658961.0	7	141.13299999999995	214.175	73.042	1	spectra_reformatted/spec-00000.mgf125	2	None	0	0	C12H26OSi	PQFNAFJLRXIJPE-UHFFFAOYSA-N	PQFNAFJLRXIJPE	None	None	None	None	None	Terpenoids	1831.533798005726	spec-00000.mgf
CCMSLIB00005455369	4A-METHYLDECAHYDRO-2-NAPHTHOL	EI	EI-B	Isolated	YAMAMOTO M, DEP. CHEMISTRY, FAC. SCIENCE, NARA WOMEN'S UNIV.	YAMAMOTO M, DEP. CHEMISTRY, FAC. SCIENCE, NARA WOMEN'S UNIV.	[M]+*	168.15099999999995	168.15099999999995	1	21789-50-4	None	[H]OC1([H])C([H])([H])C([H])([H])C2(C([H])([H])[H])C([H])([H])C([H])([H])C([H])([H])C([H])([H])C2([H])C1([H])[H]	InChI=1S/C11H20O/c1-11-6-3-2-4-9(11)8-10(12)5-7-11/h9-10,12H,2-8H2,1H3	None	1	Postive	UPDATE-SINGLE-ANNOTATED-GOLD	Gold	94	MZmine_GCMS_Guayusa_to_GNPS.mgf	lib-00000.mgf	0.7400770000000001	GC-MONA	37112.9	1339.36	357145.0	25	60.0543	168.15099999999995	108.09700000000001	1	spectra_reformatted/spec-00000.mgf94	2	None	0	0	C11H20O	ZGVYVWSAAMJYCN-UHFFFAOYSA-N	ZGVYVWSAAMJYCN	None	None	None	None	None	None	1706.1762688426147	spec-00000.mgf
CCMSLIB00005684955	dl-.alpha.-Tocopherol	EI	Ion Trap	Other	None	"""SDBSWeb : https://sdbs.db.aist.go.jp (National Institute of Advanced Industrial Science and Technology, 2019)"""	[M]+*	430.0	0.0	1	None	None	None	None	None	1	Positive	UPDATE-SINGLE-ANNOTATED-GOLD	Gold	206	MZmine_GCMS_Guayusa_to_GNPS.mgf	lib-00002.mgf	0.739384	GC-BORISOV-COMPILATION	6780.0	3207.87	451.376	6	0.19409200000000001	430.0	430.194	1	spectra_reformatted/spec-00000.mgf206	2	None	0	0	None	None	None	None	None	None	None	None	None	3142.4474155916664	spec-00000.mgf
CCMSLIB00005460934	tocopherol acetate	EI	GC-EI-TOF	Isolated	Shimadzu Corporation., Kyoto, Japan	Shimadzu Corporation., Kyoto, Japan	[M]+*	472.392	472.392	1	1406-70-8	None	[H]C([H])([H])C(=O)OC=1C(=C(C=2OC(C([H])([H])[H])(C([H])([H])C([H])([H])C2C1C([H])([H])[H])C([H])([H])C([H])([H])C([H])([H])C([H])(C([H])([H])[H])C([H])([H])C([H])([H])C([H])([H])C([H])(C([H])([H])[H])C([H])([H])C([H])([H])C([H])([H])C([H])(C([H])([H])[H])C([H])([H])[H])C([H])([H])[H])C([H])([H])[H]	InChI=1S/C31H52O3/c1-21(2)13-10-14-22(3)15-11-16-23(4)17-12-19-31(9)20-18-28-26(7)29(33-27(8)32)24(5)25(6)30(28)34-31/h21-23H,10-20H2,1-9H3	None	1	Postive	UPDATE-SINGLE-ANNOTATED-GOLD	Gold	206	MZmine_GCMS_Guayusa_to_GNPS.mgf	lib-00000.mgf	0.7379979999999999	GC-MONA	6780.0	3207.87	89328.2	6	42.1979	472.392	430.194	1	spectra_reformatted/spec-00000.mgf206	2	None	0	0	C31H52O3	ZAKOWWREFLAJOT-UHFFFAOYSA-N	ZAKOWWREFLAJOT	None	None	None	Meroterpenoids	Prenyl quinone meroterpenoids	Terpenoids	3142.4474155916664	spec-00000.mgf
CCMSLIB00005466575	TITLE=Fiehn VocBinbase Bin #475	EI	ToF	Other	Fiehn	Fiehn VocBinbase	[M]+*	0.0	0.0	1	None	None	None	None	None	1	Positive	UPDATE-SINGLE-ANNOTATED-GOLD	Gold	125	MZmine_GCMS_Guayusa_to_GNPS.mgf	lib-00004.mgf	0.737765	GC-VOCBINBASE	3317.01	1499.27	inf	56	73.042	0.0	73.042	1	spectra_reformatted/spec-00000.mgf125	2	None	0	0	None	None	None	None	None	None	None	None	None	1831.533798005726	spec-00000.mgf
CCMSLIB00005466436	TITLE=Fiehn VocBinbase Bin #336	EI	ToF	Other	Fiehn	Fiehn VocBinbase	[M]+*	0.0	0.0	1	None	None	None	None	None	1	Positive	UPDATE-SINGLE-ANNOTATED-GOLD	Gold	195	MZmine_GCMS_Guayusa_to_GNPS.mgf	lib-00004.mgf	0.7371800000000001	GC-VOCBINBASE	29626.9	2936.91	inf	48	59.0169	0.0	59.0169	1	spectra_reformatted/spec-00000.mgf195	3	None	0	0	None	None	None	None	None	None	None	None	None	2778.024854254213	spec-00000.mgf
CCMSLIB00005447329	PARA-AMINOBENZOIC ACID BUTYL ESTER	EI	EI-B	Isolated	TAJIMA S, GUNMA COLLEGE OF TECHNOLOGY	TAJIMA S, GUNMA COLLEGE OF TECHNOLOGY	[M]+*	193.11	193.11	1	94-25-7	None	[H]N([H])C1=C([H])C([H])=C(C([H])=C1[H])C(=O)OC([H])([H])C([H])([H])C([H])([H])C([H])([H])[H]	InChI=1S/C11H15NO2/c1-2-3-8-14-11(13)9-4-6-10(12)7-5-9/h4-7H,2-3,8,12H2,1H3	None	1	Postive	UPDATE-SINGLE-ANNOTATED-GOLD	Gold	74	MZmine_GCMS_Guayusa_to_GNPS.mgf	lib-00000.mgf	0.737008	GC-MONA	28766.0	1263.71	378328.0	13	73.0589	193.11	120.051	1	spectra_reformatted/spec-00000.mgf74	2	None	0	0	C11H15NO2	IUWVALYLNVXWKX-UHFFFAOYSA-N	IUWVALYLNVXWKX	None	None	None	Phenolic acids (C6-C1)	Shikimic acids and derivatives|Simple phenolic acids	Shikimates and Phenylpropanoids	1649.9204639871687	spec-00000.mgf
CCMSLIB00005466654	TITLE= hexenyl tiglate (3z-)	EI	ToF	Other	Fiehn	Fiehn VocBinbase	[M]+*	0.0	0.0	1	None	None	None	None	None	1	Positive	UPDATE-SINGLE-ANNOTATED-GOLD	Gold	138	MZmine_GCMS_Guayusa_to_GNPS.mgf	lib-00004.mgf	0.7366729999999999	GC-VOCBINBASE	127959.0	1550.59	inf	24	137.05	0.0	137.05	1	spectra_reformatted/spec-00000.mgf138	2	None	0	0	None	None	None	None	None	None	None	None	None	1873.039715667884	spec-00000.mgf
CCMSLIB00005677879	2-Hydroxy-4-isopropyl-7-methoxytropone	EI	Ion Trap	Other	None	"""SDBSWeb : https://sdbs.db.aist.go.jp (National Institute of Advanced Industrial Science and Technology, 2019)"""	[M]+*	194.0	0.0	1	None	None	None	None	None	1	Positive	UPDATE-SINGLE-ANNOTATED-GOLD	Gold	91	MZmine_GCMS_Guayusa_to_GNPS.mgf	lib-00002.mgf	0.736488	GC-BORISOV-COMPILATION	15311.0	1335.8	206.702	34	0.0401001	194.0	194.04	1	spectra_reformatted/spec-00000.mgf91	1	None	0	0	None	None	None	None	None	None	None	None	None	1703.4140094810969	spec-00000.mgf
CCMSLIB00005455369	4A-METHYLDECAHYDRO-2-NAPHTHOL	EI	EI-B	Isolated	YAMAMOTO M, DEP. CHEMISTRY, FAC. SCIENCE, NARA WOMEN'S UNIV.	YAMAMOTO M, DEP. CHEMISTRY, FAC. SCIENCE, NARA WOMEN'S UNIV.	[M]+*	168.15099999999995	168.15099999999995	1	21789-50-4	None	[H]OC1([H])C([H])([H])C([H])([H])C2(C([H])([H])[H])C([H])([H])C([H])([H])C([H])([H])C([H])([H])C2([H])C1([H])[H]	InChI=1S/C11H20O/c1-11-6-3-2-4-9(11)8-10(12)5-7-11/h9-10,12H,2-8H2,1H3	None	1	Postive	UPDATE-SINGLE-ANNOTATED-GOLD	Gold	93	MZmine_GCMS_Guayusa_to_GNPS.mgf	lib-00000.mgf	0.7352	GC-MONA	28167.0	1339.42	446463.0	24	75.0732	168.15099999999995	93.0778	1	spectra_reformatted/spec-00000.mgf93	1	None	0	0	C11H20O	ZGVYVWSAAMJYCN-UHFFFAOYSA-N	ZGVYVWSAAMJYCN	None	None	None	None	None	None	1706.2228237756742	spec-00000.mgf
CCMSLIB00005680598	"""5-(2,2,2-Tri(2-cyanoethyl)acetyl)-2-methylpyridine"""	EI	Ion Trap	Other	None	"""SDBSWeb : https://sdbs.db.aist.go.jp (National Institute of Advanced Industrial Science and Technology, 2019)"""	[M]+*	294.0	0.0	1	None	None	None	None	None	1	Positive	UPDATE-SINGLE-ANNOTATED-GOLD	Gold	46	MZmine_GCMS_Guayusa_to_GNPS.mgf	lib-00002.mgf	0.7350270000000001	GC-BORISOV-COMPILATION	62970.0	1101.15	591666.0	23	173.95	294.0	120.05	1	spectra_reformatted/spec-00000.mgf46	2	None	0	0	None	None	None	None	None	None	None	None	None	1532.7569989381814	spec-00000.mgf
CCMSLIB00005466995	TITLE=Fiehn VocBinbase Bin #895	EI	ToF	Other	Fiehn	Fiehn VocBinbase	[M]+*	0.0	0.0	1	None	None	None	None	None	1	Positive	UPDATE-SINGLE-ANNOTATED-GOLD	Gold	83	MZmine_GCMS_Guayusa_to_GNPS.mgf	lib-00004.mgf	0.733931	GC-VOCBINBASE	8080.32	1292.02	inf	43	73.0439	0.0	73.0439	1	spectra_reformatted/spec-00000.mgf83	3	None	0	0	None	None	None	None	None	None	None	None	None	1670.8652291397236	spec-00000.mgf
CCMSLIB00005686857	Methyl tetradecanoate	EI	Ion Trap	Other	None	"""SDBSWeb : https://sdbs.db.aist.go.jp (National Institute of Advanced Industrial Science and Technology, 2019)"""	[M]+*	242.0	0.0	1	None	None	None	None	None	1	Positive	UPDATE-SINGLE-ANNOTATED-GOLD	Gold	149	MZmine_GCMS_Guayusa_to_GNPS.mgf	lib-00002.mgf	0.7337670000000001	GC-BORISOV-COMPILATION	36874.0	1617.54	694052.0	45	167.96099999999996	242.0	74.0395	1	spectra_reformatted/spec-00000.mgf149	3	None	6	246	None	None	None	None	None	None	None	None	None	1923.203528891323	spec-00000.mgf
CCMSLIB00005673792	(+)-di-O-4-Toluoyl-D-tartaric acid	EI	Ion Trap	Other	None	"""SDBSWeb : https://sdbs.db.aist.go.jp (National Institute of Advanced Industrial Science and Technology, 2019)"""	[M]+*	386.0	0.0	1	None	None	None	None	None	1	Positive	UPDATE-SINGLE-ANNOTATED-GOLD	Gold	81	MZmine_GCMS_Guayusa_to_GNPS.mgf	lib-00002.mgf	0.732675	GC-BORISOV-COMPILATION	7764.05	1279.92	691453.0	23	266.901	386.0	119.09899999999999	1	spectra_reformatted/spec-00000.mgf81	2	None	0	0	None	None	None	None	None	None	None	None	None	1661.9132101236194	spec-00000.mgf
CCMSLIB00005467325	TITLE=Fiehn VocBinbase Bin #1225	EI	ToF	Other	Fiehn	Fiehn VocBinbase	[M]+*	0.0	0.0	1	None	None	None	None	None	1	Positive	UPDATE-SINGLE-ANNOTATED-GOLD	Gold	181	MZmine_GCMS_Guayusa_to_GNPS.mgf	lib-00004.mgf	0.732567	GC-VOCBINBASE	56630.0	2549.07	inf	26	71.0765	0.0	71.0765	1	spectra_reformatted/spec-00000.mgf181	3	None	0	0	None	None	None	None	None	None	None	None	None	2399.1690486419398	spec-00000.mgf
CCMSLIB00005444745	Thiocyanate	EI	GC-MS	Isolated	HMDB	HMDB	[M]+*	58.082	0.0	1	None	None	[S-]C#N	InChI=1S/CHNS/c2-1-3/h3H/p-1	None	1	Positive	UPDATE-SINGLE-ANNOTATED-GOLD	Gold	3	MZmine_GCMS_Guayusa_to_GNPS.mgf	lib-00003.mgf	0.730216	GC-HMDB	27694.0	188.40900000000002	18628.8	6	1.082	58.082	57.0	1	spectra_reformatted/spec-00000.mgf3	1	None	0	0	CH3S-	ZMZDMBWJUHKJPS-UHFFFAOYSA-M	ZMZDMBWJUHKJPS	None	None	None	None	None	None	0.0	spec-00000.mgf
CCMSLIB00005458990	Phenylhydrazine	EI	GC-EI-TOF	Isolated	Kusano M, Fukushima A, Plant Science Center, RIKEN.	Kusano M, Fukushima A, Plant Science Center, RIKEN.	[M]+*	108.069	108.069	1	100-63-0	None	[H]N([H])N([H])C=1C([H])=C([H])C([H])=C([H])C1[H]	InChI=1S/C6H8N2/c7-8-6-4-2-1-3-5-6/h1-5,8H,7H2	None	1	Postive	UPDATE-SINGLE-ANNOTATED-GOLD	Gold	83	MZmine_GCMS_Guayusa_to_GNPS.mgf	lib-00000.mgf	0.728783	GC-MONA	8080.32	1292.02	324099.0	14	35.0251	108.069	73.0439	1	spectra_reformatted/spec-00000.mgf83	3	None	0	0	C6H8N2	HKOOXMFOFWEVGF-UHFFFAOYSA-N	HKOOXMFOFWEVGF	None	None	None	None	None	Alkaloids	1670.8652291397236	spec-00000.mgf
CCMSLIB00005686261	Isobutamben	EI	Ion Trap	Other	None	"""SDBSWeb : https://sdbs.db.aist.go.jp (National Institute of Advanced Industrial Science and Technology, 2019)"""	[M]+*	193.0	0.0	1	None	None	None	None	None	1	Positive	UPDATE-SINGLE-ANNOTATED-GOLD	Gold	74	MZmine_GCMS_Guayusa_to_GNPS.mgf	lib-00002.mgf	0.727366	GC-BORISOV-COMPILATION	28766.0	1263.71	377974.0	28	72.9489	193.0	120.051	1	spectra_reformatted/spec-00000.mgf74	2	None	0	0	None	None	None	None	None	None	None	None	None	1649.9204639871687	spec-00000.mgf
CCMSLIB00005466376	TITLE=Fiehn VocBinbase Bin #276	EI	ToF	Other	Fiehn	Fiehn VocBinbase	[M]+*	0.0	0.0	1	None	None	None	None	None	1	Positive	UPDATE-SINGLE-ANNOTATED-GOLD	Gold	7	MZmine_GCMS_Guayusa_to_GNPS.mgf	lib-00004.mgf	0.727245	GC-VOCBINBASE	4510.0	527.186	inf	6	73.0392	0.0	73.0392	1	spectra_reformatted/spec-00000.mgf7	2	None	0	0	None	None	None	None	None	None	None	None	None	1150.206531225411	spec-00000.mgf
CCMSLIB00005455283	ETHYL 4-METHYLBENZOATE	EI	EI-B	Isolated	THE INSTITUTE OF SCIENTIFIC AND INDUSTRIALRESEARCH	THE INSTITUTE OF SCIENTIFIC AND INDUSTRIALRESEARCH	[M]+*	164.084	164.084	1	94-08-6	None	[H]C=1C([H])=C(C([H])=C([H])C1C(=O)OC([H])([H])C([H])([H])[H])C([H])([H])[H]	InChI=1S/C10H12O2/c1-3-12-10(11)9-6-4-8(2)5-7-9/h4-7H,3H2,1-2H3	None	1	Postive	UPDATE-SINGLE-ANNOTATED-GOLD	Gold	81	MZmine_GCMS_Guayusa_to_GNPS.mgf	lib-00000.mgf	0.7254390000000001	GC-MONA	7764.05	1279.92	274157.0	7	44.9847	164.084	119.09899999999999	1	spectra_reformatted/spec-00000.mgf81	2	None	0	0	C10H12O2	NWPWRAWAUYIELB-UHFFFAOYSA-N	NWPWRAWAUYIELB	None	None	None	Phenolic acids (C6-C1)	Shikimic acids and derivatives|Simple phenolic acids	Shikimates and Phenylpropanoids	1661.9132101236194	spec-00000.mgf
CCMSLIB00005690175	Tridecanoic acid	EI	Ion Trap	Other	None	"""SDBSWeb : https://sdbs.db.aist.go.jp (National Institute of Advanced Industrial Science and Technology, 2019)"""	[M]+*	214.0	0.0	1	None	None	None	None	None	1	Positive	UPDATE-SINGLE-ANNOTATED-GOLD	Gold	156	MZmine_GCMS_Guayusa_to_GNPS.mgf	lib-00002.mgf	0.7252109999999999	GC-BORISOV-COMPILATION	24711.0	1664.6	658755.0	37	140.974	214.0	73.0264	1	spectra_reformatted/spec-00000.mgf156	2	None	7	195	None	None	None	None	None	None	None	None	None	1955.6878262518171	spec-00000.mgf
CCMSLIB00005445225	Terephthalic acid	EI	GC-MS	Isolated	HMDB	HMDB	[M]+*	166.13099999999997	0.0	1	None	None	OC(=O)C1=CC=C(C=C1)C(O)=O	InChI=1S/C8H6O4/c9-7(10)5-1-2-6(4-3-5)8(11)12/h1-4H,(H,9,10)(H,11,12)	None	1	Positive	UPDATE-SINGLE-ANNOTATED-GOLD	Gold	104	MZmine_GCMS_Guayusa_to_GNPS.mgf	lib-00003.mgf	0.724036	GC-HMDB	48342.1	1384.42	277360.0	6	46.0781	166.13099999999997	120.053	1	spectra_reformatted/spec-00000.mgf104	3	None	0	0	C8H6O4	KKEYFWRCBNTPAC-UHFFFAOYSA-N	KKEYFWRCBNTPAC	None	None	None	Phenolic acids (C6-C1)	Simple phenolic acids	Shikimates and Phenylpropanoids	1741.1390235701394	spec-00000.mgf
CCMSLIB00005445513	(+)-(S)-Carvone	EI	GC-MS	Isolated	HMDB	HMDB	[M]+*	150.218	0.0	1	None	None	CC(=C)[C@H]1CC=C(C)C(=O)C1	InChI=1S/C10H14O/c1-7(2)9-5-4-8(3)10(11)6-9/h4,9H,1,5-6H2,2-3H3/t9-/m0/s1	None	1	Positive	UPDATE-SINGLE-ANNOTATED-GOLD	Gold	94	MZmine_GCMS_Guayusa_to_GNPS.mgf	lib-00003.mgf	0.723772	GC-HMDB	37112.9	1339.36	280401.0	22	42.1213	150.218	108.09700000000001	1	spectra_reformatted/spec-00000.mgf94	2	None	0	0	C10H14O	ULDHMXUKGWMISQ-VIFPVBQESA-N	ULDHMXUKGWMISQ	None	None	None	Monoterpenoids	Menthane monoterpenoids	Terpenoids	1706.1762688426147	spec-00000.mgf
CCMSLIB00005454007	STEARYLAMIDE	EI	EI-B	Isolated	UBE SCIENTIFIC ANALYSIS LABORATORY	UBE SCIENTIFIC ANALYSIS LABORATORY	[M]+*	283.288	283.288	1	37189-35-8	None	[H]N=C(O[H])C([H])([H])C([H])([H])C([H])([H])C([H])([H])C([H])([H])C([H])([H])C([H])([H])C([H])([H])C([H])([H])C([H])([H])C([H])([H])C([H])([H])C([H])([H])C([H])([H])C([H])([H])C([H])([H])C([H])([H])[H]	InChI=1S/C18H37NO/c1-2-3-4-5-6-7-8-9-10-11-12-13-14-15-16-17-18(19)20/h2-17H2,1H3,(H2,19,20)	None	1	Postive	UPDATE-SINGLE-ANNOTATED-GOLD	Gold	195	MZmine_GCMS_Guayusa_to_GNPS.mgf	lib-00000.mgf	0.723402	GC-MONA	29626.9	2936.91	791672.0	28	224.271	283.288	59.0169	1	spectra_reformatted/spec-00000.mgf195	3	None	0	0	C18H37NO	LYRFLYHAGKPMFH-UHFFFAOYSA-N	LYRFLYHAGKPMFH	None	None	None	None	None	Fatty acids	2778.024854254213	spec-00000.mgf
CCMSLIB00005453009	3-(4-METHOXYPHENYLMETHOXY)PROPANOL	EI	EI-B	Isolated	ITO S, DEPT. OF CHEM., TOHOKU UNIV.	ITO S, DEPT. OF CHEM., TOHOKU UNIV.	[M]+*	196.11	196.11	1	None	None	[H]OC([H])([H])C([H])([H])C([H])([H])OC([H])([H])C1=C([H])C([H])=C(OC([H])([H])[H])C([H])=C1[H]	InChI=1S/C11H16O3/c1-13-11-5-3-10(4-6-11)9-14-8-2-7-12/h3-6,12H,2,7-9H2,1H3	None	1	Postive	UPDATE-SINGLE-ANNOTATED-GOLD	Gold	98	MZmine_GCMS_Guayusa_to_GNPS.mgf	lib-00000.mgf	0.722487	GC-MONA	10933.0	1366.41	301126.0	8	59.0538	196.11	137.056	1	spectra_reformatted/spec-00000.mgf98	2	None	0	0	C11H16O3	BGEHPNIXVMWYJD-UHFFFAOYSA-N	BGEHPNIXVMWYJD	None	None	None	None	None	None	1727.1647844968438	spec-00000.mgf
CCMSLIB00005467465	TITLE=Fiehn VocBinbase Bin #1365	EI	ToF	Other	Fiehn	Fiehn VocBinbase	[M]+*	0.0	0.0	1	None	None	None	None	None	1	Positive	UPDATE-SINGLE-ANNOTATED-GOLD	Gold	128	MZmine_GCMS_Guayusa_to_GNPS.mgf	lib-00004.mgf	0.7224430000000001	GC-VOCBINBASE	643980.0	1521.6	inf	35	94.7038	0.0	94.7038	1	spectra_reformatted/spec-00000.mgf128	3	None	0	0	None	None	None	None	None	None	None	None	None	1849.5935630368247	spec-00000.mgf
CCMSLIB00005685746	Felbinac	EI	Ion Trap	Other	None	"""SDBSWeb : https://sdbs.db.aist.go.jp (National Institute of Advanced Industrial Science and Technology, 2019)"""	[M]+*	212.0	0.0	1	None	None	None	None	None	1	Positive	UPDATE-SINGLE-ANNOTATED-GOLD	Gold	142	MZmine_GCMS_Guayusa_to_GNPS.mgf	lib-00002.mgf	0.721258	GC-BORISOV-COMPILATION	17229.3	1577.31	207325.0	25	43.9529	212.0	168.047	1	spectra_reformatted/spec-00000.mgf142	2	None	0	0	None	None	None	None	None	None	None	None	None	1894.6499674202787	spec-00000.mgf
CCMSLIB00005447079	3-METHYL-2-(TRIMETHYLSILYL)OXYBENZOIC ACIDTRIMETHYLSILYL ESTER	EI	EI-B	Isolated	KOGA M, UNIV. OF OCCUPATIONAL AND ENVIRONMENTAL HEALTH	KOGA M, UNIV. OF OCCUPATIONAL AND ENVIRONMENTAL HEALTH	[M]+*	296.126	296.126	1	None	None	[H]C=1C([H])=C(C(=O)O[Si](C([H])([H])[H])(C([H])([H])[H])C([H])([H])[H])C(O[Si](C([H])([H])[H])(C([H])([H])[H])C([H])([H])[H])=C(C1[H])C([H])([H])[H]	InChI=1S/C14H24O3Si2/c1-11-9-8-10-12(13(11)16-18(2,3)4)14(15)17-19(5,6)7/h8-10H,1-7H3	None	1	Postive	UPDATE-SINGLE-ANNOTATED-GOLD	Gold	183	MZmine_GCMS_Guayusa_to_GNPS.mgf	lib-00000.mgf	0.7207	GC-MONA	8126.31	2593.52	753338.0	11	223.083	296.126	73.0431	1	spectra_reformatted/spec-00000.mgf183	2	None	0	0	C14H24O3Si2	MMUCIJOPDDWEJV-UHFFFAOYSA-N	MMUCIJOPDDWEJV	None	None	None	None	None	None	2435.075959434881	spec-00000.mgf
CCMSLIB00005456272	2'-HYDROXY-3',4'-DIMETHOXYACETOPHENONE	EI	EI-B	Isolated	SUMITA Y, KYOTO COLLEGE OF PHARMACY	SUMITA Y, KYOTO COLLEGE OF PHARMACY	[M]+*	196.074	196.074	1	5396-18-9	None	[H]OC1=C(OC([H])([H])[H])C(OC([H])([H])[H])=C([H])C([H])=C1C(=O)C([H])([H])[H]	InChI=1S/C10H12O4/c1-6(11)7-4-5-8(13-2)10(14-3)9(7)12/h4-5,12H,1-3H3	None	1	Postive	UPDATE-SINGLE-ANNOTATED-GOLD	Gold	100	MZmine_GCMS_Guayusa_to_GNPS.mgf	lib-00000.mgf	0.719627	GC-MONA	3162.01	1378.3	360.625	6	0.0707092	196.074	196.003	1	spectra_reformatted/spec-00000.mgf100	2	None	0	0	C10H12O4	BCEPNLMYVYJIHU-UHFFFAOYSA-N	BCEPNLMYVYJIHU	None	None	None	None	None	Shikimates and Phenylpropanoids	1736.3904203980926	spec-00000.mgf
CCMSLIB00005456665	METHYL BETA-D-GALACTOPYRANOSIDE	EI	EI-B	Isolated	SAWADA M, THE INST. OF SCIENTIFIC AND INDUSTRIALRESEARCH OSAKA UNIV.	SAWADA M, THE INST. OF SCIENTIFIC AND INDUSTRIALRESEARCH OSAKA UNIV.	[M]+*	194.079	194.079	1	None	None	[H]OC([H])([H])C1([H])OC([H])(OC([H])([H])[H])C([H])(O[H])C([H])(O[H])C1([H])O[H]	InChI=1S/C7H14O6/c1-12-7-6(11)5(10)4(9)3(2-8)13-7/h3-11H,2H2,1H3/t3-,4?,5-,6-,7?/m1/s1	None	1	Postive	UPDATE-SINGLE-ANNOTATED-GOLD	Gold	39	MZmine_GCMS_Guayusa_to_GNPS.mgf	lib-00000.mgf	0.7188359999999999	GC-MONA	14600.0	1016.52	690848.0	7	134.079	194.079	59.9999	1	spectra_reformatted/spec-00000.mgf39	1	None	0	0	C7H14O6	HOVAGTYPODGVJG-UHFFFAOYSA-N	HOVAGTYPODGVJG	None	None	None	Saccharides	Disaccharides	Carbohydrates	1474.149818706581	spec-00000.mgf
CCMSLIB00005466307	TITLE=Fiehn VocBinbase Bin #207	EI	ToF	Other	Fiehn	Fiehn VocBinbase	[M]+*	0.0	0.0	1	None	None	None	None	None	1	Positive	UPDATE-SINGLE-ANNOTATED-GOLD	Gold	196	MZmine_GCMS_Guayusa_to_GNPS.mgf	lib-00004.mgf	0.718795	GC-VOCBINBASE	57880.1	2979.88	inf	57	69.0497	0.0	69.0497	1	spectra_reformatted/spec-00000.mgf196	2	None	0	0	None	None	None	None	None	None	None	None	None	2831.424256499743	spec-00000.mgf
CCMSLIB00005684511	D-2-(4-Hydroxyphenyl)glycine	EI	Ion Trap	Other	None	"""SDBSWeb : https://sdbs.db.aist.go.jp (National Institute of Advanced Industrial Science and Technology, 2019)"""	[M]+*	167.0	0.0	1	None	None	None	None	None	1	Positive	UPDATE-SINGLE-ANNOTATED-GOLD	Gold	110	MZmine_GCMS_Guayusa_to_GNPS.mgf	lib-00002.mgf	0.718746	GC-BORISOV-COMPILATION	21355.9	1426.88	269035.0	33	44.9288	167.0	122.071	1	spectra_reformatted/spec-00000.mgf110	1	None	0	0	None	None	None	None	None	None	None	None	None	1774.0843978650958	spec-00000.mgf
CCMSLIB00005688524	"""Phenol, 2,6-dimethoxy-"""	EI	Ion Trap	Other	None	"""SDBSWeb : https://sdbs.db.aist.go.jp (National Institute of Advanced Industrial Science and Technology, 2019)"""	[M]+*	154.0	0.0	1	None	None	None	None	None	1	Positive	UPDATE-SINGLE-ANNOTATED-GOLD	Gold	24	MZmine_GCMS_Guayusa_to_GNPS.mgf	lib-00002.mgf	0.718267	GC-BORISOV-COMPILATION	13020.0	835.1060000000001	300.618	7	0.0462952	154.0	154.046	1	spectra_reformatted/spec-00000.mgf24	1	None	0	0	None	None	None	None	None	None	None	None	None	1353.100552380053	spec-00000.mgf
CCMSLIB00005682311	"""Benzenamine, N-(1-methylethyl)-"""	EI	Ion Trap	Other	None	"""SDBSWeb : https://sdbs.db.aist.go.jp (National Institute of Advanced Industrial Science and Technology, 2019)"""	[M]+*	135.0	0.0	1	None	None	None	None	None	1	Positive	UPDATE-SINGLE-ANNOTATED-GOLD	Gold	47	MZmine_GCMS_Guayusa_to_GNPS.mgf	lib-00002.mgf	0.718163	GC-BORISOV-COMPILATION	30670.0	1101.15	110734.0	20	14.9491	135.0	120.051	1	spectra_reformatted/spec-00000.mgf47	1	None	0	0	None	None	None	None	None	None	None	None	None	1532.7569989381814	spec-00000.mgf
CCMSLIB00005678725	"""3,3'-Dimethyl-5-methoxy-4,5'-biisoxazole"""	EI	Ion Trap	Other	None	"""SDBSWeb : https://sdbs.db.aist.go.jp (National Institute of Advanced Industrial Science and Technology, 2019)"""	[M]+*	194.0	0.0	1	None	None	None	None	None	1	Positive	UPDATE-SINGLE-ANNOTATED-GOLD	Gold	136	MZmine_GCMS_Guayusa_to_GNPS.mgf	lib-00002.mgf	0.715529	GC-BORISOV-COMPILATION	53574.1	1548.53	231949.0	27	44.9982	194.0	149.002	1	spectra_reformatted/spec-00000.mgf136	2	None	0	0	None	None	None	None	None	None	None	None	None	1871.3736558396686	spec-00000.mgf
CCMSLIB00005446177	CYCLOHEXANONE	EI	EI-B	Isolated	KOGA M, UNIV. OF OCCUPATIONAL AND ENVIRONMENTAL HEALTH	KOGA M, UNIV. OF OCCUPATIONAL AND ENVIRONMENTAL HEALTH	[M]+*	98.0732	98.0732	1	11119-77-0	None	[H]C1([H])C(=O)C([H])([H])C([H])([H])C([H])([H])C1([H])[H]	InChI=1S/C6H10O/c7-6-4-2-1-3-5-6/h1-5H2	None	1	Postive	UPDATE-SINGLE-ANNOTATED-GOLD	Gold	146	MZmine_GCMS_Guayusa_to_GNPS.mgf	lib-00000.mgf	0.715246	GC-MONA	21484.9	1617.43	295999.0	16	29.0296	98.0732	69.0436	1	spectra_reformatted/spec-00000.mgf146	2	None	0	0	C6H10O	JHIVVAPYMSGYDF-UHFFFAOYSA-N	JHIVVAPYMSGYDF	None	None	None	None	None	None	1923.1275987444967	spec-00000.mgf
CCMSLIB00005459883	N-acetyl-leucine	EI	GC-EI-TOF	Isolated	Shimadzu Corporation., Kyoto, Japan	Shimadzu Corporation., Kyoto, Japan	[M]+*	188.116	188.116	1	None	None	[H]OC(=O)C([H])(N([H])[H])C([H])([H])C([H])([H])C([H])([H])C([H])([H])N=C(O[H])C([H])([H])[H]	InChI=1S/C8H16N2O3/c1-6(11)10-5-3-2-4-7(9)8(12)13/h7H,2-5,9H2,1H3,(H,10,11)(H,12,13)/t7-/m0/s1	None	1	Postive	UPDATE-SINGLE-ANNOTATED-GOLD	Gold	155	MZmine_GCMS_Guayusa_to_GNPS.mgf	lib-00000.mgf	0.713553	GC-MONA	3146.0	1660.4	478691.0	7	90.0495	188.116	98.0665	1	spectra_reformatted/spec-00000.mgf155	1	None	0	0	C8H16N2O3	DTERQYGMUDWYAZ-UHFFFAOYSA-N	DTERQYGMUDWYAZ	None	None	None	Small peptides	Aminoacids	Amino acids and Peptides	1952.7886751911692	spec-00000.mgf
CCMSLIB00005442137	Meta-Nitro-Tyrosine	EI	GC-MS	Isolated	DB	DB	[M]+*	226.186	0.0	1	None	None	N[C@@H](CC1=CC=C(O)C(=C1)[N+]([O-])=O)C(O)=O	InChI=1S/C9H10N2O5/c10-6(9(13)14)3-5-1-2-8(12)7(4-5)11(15)16/h1-2,4,6,12H,3,10H2,(H,13,14)/t6-/m0/s1	None	1	Positive	UPDATE-SINGLE-ANNOTATED-GOLD	Gold	140	MZmine_GCMS_Guayusa_to_GNPS.mgf	lib-00003.mgf	0.713187	GC-HMDB	84205.1	1550.66	204134.0	9	46.1723	226.186	180.014	1	spectra_reformatted/spec-00000.mgf140	3	None	0	0	None	FBTSQILOGYXGMD-LURJTMIESA-N	FBTSQILOGYXGMD	None	None	None	None	None	None	1873.096329351368	spec-00000.mgf
CCMSLIB00005443020	L-Histidinol	EI	GC-MS	Isolated	ECMDB	ECMDB	[M]+*	141.171	0.0	1	None	None	N[C@H](CO)CC1=CN=CN1	InChI=1S/C6H11N3O/c7-5(3-10)1-6-2-8-4-9-6/h2,4-5,10H,1,3,7H2,(H,8,9)/t5-/m0/s1	None	1	Positive	UPDATE-SINGLE-ANNOTATED-GOLD	Gold	77	MZmine_GCMS_Guayusa_to_GNPS.mgf	lib-00003.mgf	0.7128899999999999	GC-HMDB	14921.0	1268.97	425869.0	9	60.1203	141.171	81.0507	1	spectra_reformatted/spec-00000.mgf77	3	None	0	0	C6H11N3O	ZQISRDCJNBUVMM-YFKPBYRVSA-N	ZQISRDCJNBUVMM	None	None	None	Small peptides	Aminoacids	Alkaloids|Amino acids and Peptides|Shikimates and Phenylpropanoids	1653.8120028321853	spec-00000.mgf
CCMSLIB00005680598	"""5-(2,2,2-Tri(2-cyanoethyl)acetyl)-2-methylpyridine"""	EI	Ion Trap	Other	None	"""SDBSWeb : https://sdbs.db.aist.go.jp (National Institute of Advanced Industrial Science and Technology, 2019)"""	[M]+*	294.0	0.0	1	None	None	None	None	None	1	Positive	UPDATE-SINGLE-ANNOTATED-GOLD	Gold	151	MZmine_GCMS_Guayusa_to_GNPS.mgf	lib-00002.mgf	0.7127020000000001	GC-BORISOV-COMPILATION	26950.0	1621.54	591651.0	15	173.945	294.0	120.054	1	spectra_reformatted/spec-00000.mgf151	2	None	0	0	None	None	None	None	None	None	None	None	None	1925.9646251395584	spec-00000.mgf
CCMSLIB00005447132	DL-ALPHA,3,4-TRI(TRIMETHYLSILYL)OXY-PHENYLACETIC ACID TRIMETHYLSILYL ESTER	EI	EI-B	Isolated	KOGA M, UNIV. OF OCCUPATIONAL AND ENVIRONMENTAL HEALTH	KOGA M, UNIV. OF OCCUPATIONAL AND ENVIRONMENTAL HEALTH	[M]+*	472.195	472.195	1	None	None	[H]C=1C([H])=C(C([H])=C(O[Si](C([H])([H])[H])(C([H])([H])[H])C([H])([H])[H])C1O[Si](C([H])([H])[H])(C([H])([H])[H])C([H])([H])[H])C([H])(O[Si](C([H])([H])[H])(C([H])([H])[H])C([H])([H])[H])C(=O)O[Si](C([H])([H])[H])(C([H])([H])[H])C([H])([H])[H]	InChI=1S/C20H40O5Si4/c1-26(2,3)22-17-14-13-16(15-18(17)23-27(4,5)6)19(24-28(7,8)9)20(21)25-29(10,11)12/h13-15,19H,1-12H3	None	1	Postive	UPDATE-SINGLE-ANNOTATED-GOLD	Gold	199	MZmine_GCMS_Guayusa_to_GNPS.mgf	lib-00000.mgf	0.7123010000000001	GC-MONA	12415.0	2997.2	531939.0	7	251.179	472.195	221.016	1	spectra_reformatted/spec-00000.mgf199	2	None	0	0	C20H40O5Si4	MDAKQGIALDYWHV-UHFFFAOYSA-N	MDAKQGIALDYWHV	None	None	None	Tyrosine alkaloids	Phenylethylamines	Alkaloids	2853.6893179507133	spec-00000.mgf
CCMSLIB00005453654	ETHOSUXIMIDE	EI	EI-B	Isolated	HAMAMATSU UNIV. SCHOOL OF MEDICINE	HAMAMATSU UNIV. SCHOOL OF MEDICINE	[M]+*	141.079	141.079	1	77-67-8	None	[H]OC1=NC(=O)C(C([H])([H])[H])(C1([H])[H])C([H])([H])C([H])([H])[H]	InChI=1S/C7H11NO2/c1-3-7(2)4-5(9)8-6(7)10/h3-4H2,1-2H3,(H,8,9,10)	None	1	Postive	UPDATE-SINGLE-ANNOTATED-GOLD	Gold	66	MZmine_GCMS_Guayusa_to_GNPS.mgf	lib-00000.mgf	0.711789	GC-MONA	12244.0	1221.35	297815.0	6	42.0155	141.079	99.0635	1	spectra_reformatted/spec-00000.mgf66	1	None	0	0	C7H11NO2	HAPOVYFOVVWLRS-UHFFFAOYSA-N	HAPOVYFOVVWLRS	None	None	None	None	None	None	1618.5809990679795	spec-00000.mgf
CCMSLIB00005457652	HEXYLCYCLOHEXANE	EI	CI-B	Isolated	IIDA Y, DAISHIMA S, FAC. OF ENGINEERING, SEIKEI UNIV.	IIDA Y, DAISHIMA S, FAC. OF ENGINEERING, SEIKEI UNIV.	[M]+*	168.188	168.188	1	4292-75-5	None	[H]C([H])([H])C([H])([H])C([H])([H])C([H])([H])C([H])([H])C([H])([H])C1([H])C([H])([H])C([H])([H])C([H])([H])C([H])([H])C1([H])[H]	InChI=1S/C12H24/c1-2-3-4-6-9-12-10-7-5-8-11-12/h12H,2-11H2,1H3	None	1	Postive	UPDATE-SINGLE-ANNOTATED-GOLD	Gold	112	MZmine_GCMS_Guayusa_to_GNPS.mgf	lib-00000.mgf	0.71092	GC-MONA	2084.0	1437.16	6784.11	6	1.14101	168.188	167.047	1	spectra_reformatted/spec-00000.mgf112	1	None	0	0	C12H24	QHWAQXOSHHKCFK-UHFFFAOYSA-N	QHWAQXOSHHKCFK	None	None	None	Fatty acyls	Hydrocarbons	Fatty acids	1782.0608097292536	spec-00000.mgf
CCMSLIB00005456665	METHYL BETA-D-GALACTOPYRANOSIDE	EI	EI-B	Isolated	SAWADA M, THE INST. OF SCIENTIFIC AND INDUSTRIALRESEARCH OSAKA UNIV.	SAWADA M, THE INST. OF SCIENTIFIC AND INDUSTRIALRESEARCH OSAKA UNIV.	[M]+*	194.079	194.079	1	None	None	[H]OC([H])([H])C1([H])OC([H])(OC([H])([H])[H])C([H])(O[H])C([H])(O[H])C1([H])O[H]	InChI=1S/C7H14O6/c1-12-7-6(11)5(10)4(9)3(2-8)13-7/h3-11H,2H2,1H3/t3-,4?,5-,6-,7?/m1/s1	None	1	Postive	UPDATE-SINGLE-ANNOTATED-GOLD	Gold	37	MZmine_GCMS_Guayusa_to_GNPS.mgf	lib-00000.mgf	0.710221	GC-MONA	15710.0	1013.28	690848.0	8	134.079	194.079	60.0	1	spectra_reformatted/spec-00000.mgf37	1	None	0	0	C7H14O6	HOVAGTYPODGVJG-UHFFFAOYSA-N	HOVAGTYPODGVJG	None	None	None	Saccharides	Disaccharides	Carbohydrates	1471.9635831684586	spec-00000.mgf
CCMSLIB00005683974	Caffeine	EI	Ion Trap	Other	None	"""SDBSWeb : https://sdbs.db.aist.go.jp (National Institute of Advanced Industrial Science and Technology, 2019)"""	[M]+*	194.0	0.0	1	None	None	None	None	None	1	Positive	UPDATE-SINGLE-ANNOTATED-GOLD	Gold	128	MZmine_GCMS_Guayusa_to_GNPS.mgf	lib-00002.mgf	0.70994	GC-BORISOV-COMPILATION	643980.0	1521.6	511836.0	31	99.2962	194.0	94.7038	1	spectra_reformatted/spec-00000.mgf128	3	None	1	5	None	None	None	None	None	None	None	None	None	1849.5935630368247	spec-00000.mgf
CCMSLIB00005459444	Purine	EI	GC-MS	Isolated	Hiroyuki Morii, Department of Environmental Management, and Chemistry, University of Occupational and Environmental Health	Hiroyuki Morii, Department of Environmental Management, and Chemistry, University of Occupational and Environmental Health	[M]+*	120.044	120.044	1	120-73-0	None	[H]C=1N=C([H])C=2N=C([H])N([H])C2N1	InChI=1S/C5H4N4/c1-4-5(8-2-6-1)9-3-7-4/h1-3H,(H,6,7,8,9)	None	1	Postive	UPDATE-SINGLE-ANNOTATED-GOLD	Gold	151	MZmine_GCMS_Guayusa_to_GNPS.mgf	lib-00000.mgf	0.708174	GC-MONA	26950.0	1621.54	87.4517	7	0.010498	120.044	120.054	1	spectra_reformatted/spec-00000.mgf151	2	None	0	0	C5H4N4	KDCGOANMDULRCW-UHFFFAOYSA-N	KDCGOANMDULRCW	None	None	None	Pseudoalkaloids	pteridine alkaloids	Alkaloids	1925.9646251395584	spec-00000.mgf
CCMSLIB00005675681	"""1-Heptanol, 2,4-diethyl-"""	EI	Ion Trap	Other	None	"""SDBSWeb : https://sdbs.db.aist.go.jp (National Institute of Advanced Industrial Science and Technology, 2019)"""	[M]+*	172.0	0.0	1	None	None	None	None	None	1	Positive	UPDATE-SINGLE-ANNOTATED-GOLD	Gold	146	MZmine_GCMS_Guayusa_to_GNPS.mgf	lib-00002.mgf	0.707915	GC-BORISOV-COMPILATION	21484.9	1617.43	598584.0	29	102.956	172.0	69.0436	1	spectra_reformatted/spec-00000.mgf146	2	None	0	0	None	None	None	None	None	None	None	None	None	1923.1275987444967	spec-00000.mgf
CCMSLIB00005684093	Chlorodifluoroacetic anhydride	EI	Ion Trap	Other	None	"""SDBSWeb : https://sdbs.db.aist.go.jp (National Institute of Advanced Industrial Science and Technology, 2019)"""	[M]+*	242.0	0.0	1	None	None	None	None	None	1	Positive	UPDATE-SINGLE-ANNOTATED-GOLD	Gold	86	MZmine_GCMS_Guayusa_to_GNPS.mgf	lib-00002.mgf	0.707573	GC-BORISOV-COMPILATION	5800.09	1306.86	648548.0	8	156.94899999999996	242.0	85.0514	1	spectra_reformatted/spec-00000.mgf86	4	None	0	0	None	None	None	None	None	None	None	None	None	1681.8443995693924	spec-00000.mgf
CCMSLIB00005680482	4-Octanoylbiphenyl	EI	Ion Trap	Other	None	"""SDBSWeb : https://sdbs.db.aist.go.jp (National Institute of Advanced Industrial Science and Technology, 2019)"""	[M]+*	280.0	0.0	1	None	None	None	None	None	1	Positive	UPDATE-SINGLE-ANNOTATED-GOLD	Gold	100	MZmine_GCMS_Guayusa_to_GNPS.mgf	lib-00002.mgf	0.7073659999999999	GC-BORISOV-COMPILATION	3162.01	1378.3	299988.0	8	83.9967	280.0	196.003	1	spectra_reformatted/spec-00000.mgf100	2	None	0	0	None	None	None	None	None	None	None	None	None	1736.3904203980926	spec-00000.mgf
CCMSLIB00005454951	3-METHYLCYCLOHEXYL ACETATE	EI	EI-B	Isolated	YAMAMOTO M, DEP. CHEMISTRY, FAC. SCIENCE, NARA WOMEN'S UNIV.	YAMAMOTO M, DEP. CHEMISTRY, FAC. SCIENCE, NARA WOMEN'S UNIV.	[M]+*	156.115	156.115	1	None	None	[H]C([H])([H])C(=O)OC1([H])C([H])([H])C([H])([H])C([H])([H])C([H])(C([H])([H])[H])C1([H])[H]	InChI=1S/C9H16O2/c1-7-4-3-5-9(6-7)11-8(2)10/h7,9H,3-6H2,1-2H3	None	1	Postive	UPDATE-SINGLE-ANNOTATED-GOLD	Gold	78	MZmine_GCMS_Guayusa_to_GNPS.mgf	lib-00000.mgf	0.707162	GC-MONA	10582.0	1268.96	480828.0	16	75.0644	156.115	81.0506	1	spectra_reformatted/spec-00000.mgf78	1	None	0	0	C9H16O2	POTQUGZZORQESZ-UHFFFAOYSA-N	POTQUGZZORQESZ	None	None	None	None	None	None	1653.8046044693624	spec-00000.mgf
CCMSLIB00005448349	ETHYL(TRIMETHYLSILYL)KETENE	EI	EI-B	Isolated	MASS SPECTROSCOPY SOC. OF JAPAN (MSSJ)	MASS SPECTROSCOPY SOC. OF JAPAN (MSSJ)	[M]+*	142.08100000000005	142.08100000000005	1	None	None	[H]C([H])([H])C([H])([H])C(=C=O)[Si](C([H])([H])[H])(C([H])([H])[H])C([H])([H])[H]	InChI=1S/C7H14OSi/c1-5-7(6-8)9(2,3)4/h5H2,1-4H3	None	1	Postive	UPDATE-SINGLE-ANNOTATED-GOLD	Gold	87	MZmine_GCMS_Guayusa_to_GNPS.mgf	lib-00000.mgf	0.707112	GC-MONA	22756.1	1306.84	112475.0	14	15.9805	142.08100000000005	126.101	1	spectra_reformatted/spec-00000.mgf87	1	None	0	0	C7H14OSi	RQSLKPHKSDWYDG-UHFFFAOYSA-N	RQSLKPHKSDWYDG	None	None	None	None	None	None	1681.8296028437455	spec-00000.mgf
CCMSLIB00005671310	"""5,5-Dimethyl-1-oxa-5-silacyclononanone-9"""	EI	Ion Trap	Other	None	Atlas mass spectrov organicheskih sodineniy pod red.A.V.Koptyuga	[M]+*	186.0	0.0	1	None	None	None	"""InChI=1/C9H18O2Si/c1-12(2)7-3-5-9(10)11-6-4-8-12/h3-8H2,1-2H3"""	None	1	Positive	UPDATE-SINGLE-ANNOTATED-GOLD	Gold	61	MZmine_GCMS_Guayusa_to_GNPS.mgf	lib-00002.mgf	0.70703	GC-BORISOV-COMPILATION	3610.0	1201.09	596698.0	6	110.986	186.0	75.0142	1	spectra_reformatted/spec-00000.mgf61	1	None	0	0	None	None	None	None	None	None	None	None	None	1603.5919159881219	spec-00000.mgf
CCMSLIB00005686289	Isonicotinaldehyde salicyloylhydrazone	EI	Ion Trap	Other	None	"""SDBSWeb : https://sdbs.db.aist.go.jp (National Institute of Advanced Industrial Science and Technology, 2019)"""	[M]+*	241.0	0.0	1	None	None	None	None	None	1	Positive	UPDATE-SINGLE-ANNOTATED-GOLD	Gold	76	MZmine_GCMS_Guayusa_to_GNPS.mgf	lib-00002.mgf	0.706674	GC-BORISOV-COMPILATION	90420.0	1263.71	501863.0	27	120.949	241.0	120.051	1	spectra_reformatted/spec-00000.mgf76	2	None	0	0	None	None	None	None	None	None	None	None	None	1649.9204639871687	spec-00000.mgf
CCMSLIB00005446651	2-HYDROXYBENZAMIDE	EI	EI-B	Isolated	HASHIMOTO K, KYOTO COLLEGE OF PHARMACY	HASHIMOTO K, KYOTO COLLEGE OF PHARMACY	[M]+*	137.048	137.048	1	65-45-2	None	[H]N=C(O[H])C=1C([H])=C([H])C([H])=C([H])C1O[H]	InChI=1S/C7H7NO2/c8-7(10)5-3-1-2-4-6(5)9/h1-4,9H,(H2,8,10)	None	1	Postive	UPDATE-SINGLE-ANNOTATED-GOLD	Gold	76	MZmine_GCMS_Guayusa_to_GNPS.mgf	lib-00000.mgf	0.706638	GC-MONA	90420.0	1263.71	124023.0	12	16.9971	137.048	120.051	1	spectra_reformatted/spec-00000.mgf76	2	None	0	0	C7H7NO2	SKZKKFZAGNVIMN-UHFFFAOYSA-N	SKZKKFZAGNVIMN	None	None	None	Phenolic acids (C6-C1)	Simple phenolic acids	Shikimates and Phenylpropanoids	1649.9204639871687	spec-00000.mgf
CCMSLIB00005675396	"""12-Oleanen-3-yl acetate, (3.alpha.)-"""	EI	Ion Trap	Other	None	"""SDBSWeb : https://sdbs.db.aist.go.jp (National Institute of Advanced Industrial Science and Technology, 2019)"""	[M]+*	468.0	0.0	1	None	None	None	None	None	1	Positive	UPDATE-SINGLE-ANNOTATED-GOLD	Gold	213	MZmine_GCMS_Guayusa_to_GNPS.mgf	lib-00002.mgf	0.7061649999999999	GC-BORISOV-COMPILATION	26580.0	3437.26	533896.0	28	249.863	468.0	218.137	1	spectra_reformatted/spec-00000.mgf213	1	None	0	0	None	None	None	None	None	None	None	None	None	0.0	spec-00000.mgf
CCMSLIB00005684955	dl-.alpha.-Tocopherol	EI	Ion Trap	Other	None	"""SDBSWeb : https://sdbs.db.aist.go.jp (National Institute of Advanced Industrial Science and Technology, 2019)"""	[M]+*	430.0	0.0	1	None	None	None	None	None	1	Positive	UPDATE-SINGLE-ANNOTATED-GOLD	Gold	204	MZmine_GCMS_Guayusa_to_GNPS.mgf	lib-00002.mgf	0.7060350000000001	GC-BORISOV-COMPILATION	5990.02	3208.04	618537.0	6	265.971	430.0	164.02900000000002	1	spectra_reformatted/spec-00000.mgf204	1	None	0	0	None	None	None	None	None	None	None	None	None	3142.6747638590955	spec-00000.mgf
CCMSLIB00005445225	Terephthalic acid	EI	GC-MS	Isolated	HMDB	HMDB	[M]+*	166.13099999999997	0.0	1	None	None	OC(=O)C1=CC=C(C=C1)C(O)=O	InChI=1S/C8H6O4/c9-7(10)5-1-2-6(4-3-5)8(11)12/h1-4H,(H,9,10)(H,11,12)	None	1	Positive	UPDATE-SINGLE-ANNOTATED-GOLD	Gold	75	MZmine_GCMS_Guayusa_to_GNPS.mgf	lib-00003.mgf	0.705609	GC-HMDB	60782.1	1263.71	277374.0	6	46.0805	166.13099999999997	120.05	1	spectra_reformatted/spec-00000.mgf75	2	None	0	0	C8H6O4	KKEYFWRCBNTPAC-UHFFFAOYSA-N	KKEYFWRCBNTPAC	None	None	None	Phenolic acids (C6-C1)	Simple phenolic acids	Shikimates and Phenylpropanoids	1649.9204639871687	spec-00000.mgf
CCMSLIB00005457123	DIPHENYLACETIC ACID	EI	EI-B	Isolated	YAMAMOTO M, DEP. CHEMISTRY, FAC. SCIENCE, NARA WOMEN'S UNIV.	YAMAMOTO M, DEP. CHEMISTRY, FAC. SCIENCE, NARA WOMEN'S UNIV.	[M]+*	212.084	212.084	1	117-34-0	None	[H]OC(=O)C([H])(C=1C([H])=C([H])C([H])=C([H])C1[H])C=2C([H])=C([H])C([H])=C([H])C2[H]	InChI=1S/C14H12O2/c15-14(16)13(11-7-3-1-4-8-11)12-9-5-2-6-10-12/h1-10,13H,(H,15,16)	None	1	Postive	UPDATE-SINGLE-ANNOTATED-GOLD	Gold	142	MZmine_GCMS_Guayusa_to_GNPS.mgf	lib-00000.mgf	0.705183	GC-MONA	17229.3	1577.31	207639.0	13	44.0369	212.084	168.047	1	spectra_reformatted/spec-00000.mgf142	2	None	0	0	C14H12O2	PYHXGXCGESYPCW-UHFFFAOYSA-N	PYHXGXCGESYPCW	None	None	None	None	None	Shikimates and Phenylpropanoids	1894.6499674202787	spec-00000.mgf
CCMSLIB00005684646	Dibutyl phthalate	EI	Ion Trap	Other	None	"""SDBSWeb : https://sdbs.db.aist.go.jp (National Institute of Advanced Industrial Science and Technology, 2019)"""	[M]+*	278.0	0.0	1	None	None	None	None	None	1	Positive	UPDATE-SINGLE-ANNOTATED-GOLD	Gold	134	MZmine_GCMS_Guayusa_to_GNPS.mgf	lib-00002.mgf	0.704141	GC-BORISOV-COMPILATION	4186.04	1548.59	464022.0	12	128.998	278.0	149.002	1	spectra_reformatted/spec-00000.mgf134	2	None	0	0	None	None	None	None	None	None	None	None	None	1871.422181854082	spec-00000.mgf
CCMSLIB00005451763	3-METHYLCYCLOHEXENE	EI	EI-B	Isolated	YAMAMOTO M, DEP. CHEMISTRY, FAC. SCIENCE, NARA WOMEN'S UNIV.	YAMAMOTO M, DEP. CHEMISTRY, FAC. SCIENCE, NARA WOMEN'S UNIV.	[M]+*	96.0939	96.0939	1	56688-75-6	None	[H]C1=C([H])C([H])(C([H])([H])[H])C([H])([H])C([H])([H])C1([H])[H]	InChI=1S/C7H12/c1-7-5-3-2-4-6-7/h3,5,7H,2,4,6H2,1H3	None	1	Postive	UPDATE-SINGLE-ANNOTATED-GOLD	Gold	77	MZmine_GCMS_Guayusa_to_GNPS.mgf	lib-00000.mgf	0.70372	GC-MONA	14921.0	1268.97	156547.0	10	15.0432	96.0939	81.0507	1	spectra_reformatted/spec-00000.mgf77	3	None	0	0	C7H12	UZPWKTCMUADILM-UHFFFAOYSA-N	UZPWKTCMUADILM	None	None	None	None	None	None	1653.8120028321853	spec-00000.mgf
CCMSLIB00005685841	"""Furan, 2-ethyl-"""	EI	Ion Trap	Other	None	"""SDBSWeb : https://sdbs.db.aist.go.jp (National Institute of Advanced Industrial Science and Technology, 2019)"""	[M]+*	96.0	0.0	1	None	None	None	None	None	1	Positive	UPDATE-SINGLE-ANNOTATED-GOLD	Gold	77	MZmine_GCMS_Guayusa_to_GNPS.mgf	lib-00002.mgf	0.702771	GC-BORISOV-COMPILATION	14921.0	1268.97	155722.0	17	14.9493	96.0	81.0507	1	spectra_reformatted/spec-00000.mgf77	3	None	0	0	None	None	None	None	None	None	None	None	None	1653.8120028321853	spec-00000.mgf
CCMSLIB00005446702	2-(TRIMETHYLSILYL)OXY-EICOSANOIC ACID TRIMETHYLSILYL ESTER	EI	EI-B	Isolated	KOGA M, UNIV. OF OCCUPATIONAL AND ENVIRONMENTAL HEALTH	KOGA M, UNIV. OF OCCUPATIONAL AND ENVIRONMENTAL HEALTH	[M]+*	472.377	472.377	1	None	None	[H]C([H])([H])C([H])([H])C([H])([H])C([H])([H])C([H])([H])C([H])([H])C([H])([H])C([H])([H])C([H])([H])C([H])([H])C([H])([H])C([H])([H])C([H])([H])C([H])([H])C([H])([H])C([H])([H])C([H])([H])C([H])([H])C([H])(O[Si](C([H])([H])[H])(C([H])([H])[H])C([H])([H])[H])C(=O)O[Si](C([H])([H])[H])(C([H])([H])[H])C([H])([H])[H]	InChI=1S/C26H56O3Si2/c1-8-9-10-11-12-13-14-15-16-17-18-19-20-21-22-23-24-25(28-30(2,3)4)26(27)29-31(5,6)7/h25H,8-24H2,1-7H3	None	1	Postive	UPDATE-SINGLE-ANNOTATED-GOLD	Gold	193	MZmine_GCMS_Guayusa_to_GNPS.mgf	lib-00000.mgf	0.700915	GC-MONA	10010.0	2884.72	248535.0	7	117.402	472.377	354.975	1	spectra_reformatted/spec-00000.mgf193	2	None	0	0	C26H56O3Si2	UVWFZVLVNGBIJE-UHFFFAOYSA-N	UVWFZVLVNGBIJE	None	None	None	None	None	Fatty acids	2716.115044324675	spec-00000.mgf
CCMSLIB00005676607	"""2,2'-Trimethylenebis-1,3-dioxolane"""	EI	Ion Trap	Other	None	"""SDBSWeb : https://sdbs.db.aist.go.jp (National Institute of Advanced Industrial Science and Technology, 2019)"""	[M]+*	188.0	0.0	1	None	None	None	None	None	1	Positive	UPDATE-SINGLE-ANNOTATED-GOLD	Gold	83	MZmine_GCMS_Guayusa_to_GNPS.mgf	lib-00002.mgf	0.700888	GC-BORISOV-COMPILATION	8080.32	1292.02	611469.0	7	114.956	188.0	73.0439	1	spectra_reformatted/spec-00000.mgf83	3	None	0	0	None	None	None	None	None	None	None	None	None	1670.8652291397236	spec-00000.mgf
CCMSLIB00005467403	TITLE=Fiehn VocBinbase Bin #1303	EI	ToF	Other	Fiehn	Fiehn VocBinbase	[M]+*	0.0	0.0	1	None	None	None	None	None	1	Positive	UPDATE-SINGLE-ANNOTATED-GOLD	Gold	149	MZmine_GCMS_Guayusa_to_GNPS.mgf	lib-00004.mgf	0.7004560000000001	GC-VOCBINBASE	36874.0	1617.54	inf	43	74.0395	0.0	74.0395	1	spectra_reformatted/spec-00000.mgf149	3	None	0	0	None	None	None	None	None	None	None	None	None	1923.203528891323	spec-00000.mgf
