row ID,row m/z,row retention time,34_MB_BPos0.mzXML Peak area,26_MB_BPos0.mzXML Peak area,50_QC.mzXML Peak area,39_GC_Pos.mzXML Peak area,35_QC.mzXML Peak area,38_GC_0.mzXML Peak area,40_GC_2.mzXML Peak area,56_QC.mzXML Peak area,29_QC.mzXML Peak area,81_MB_BPos0.mzXML Peak area,23_QC.mzXML Peak area,65_GC_0.mzXML Peak area,62_QC.mzXML Peak area,64_GC_Neg.mzXML Peak area,25_MB_CPos2.mzXML Peak area,37_GC_Neg.mzXML Peak area,83_QC.mzXML Peak area,60_MB_CPos2.mzXML Peak area,77_QC.mzXML Peak area,104_GC_2.mzXML Peak area,102_GC_0.mzXML Peak area,101_GC_Neg.mzXML Peak area,69_GC_1.mzXML Peak area,90_QC.mzXML Peak area,96_QC.mzXML Peak area,67_GC_2.mzXML Peak area,110_QC.mzXML Peak area,100_MB_CPos2.mzXML Peak area,12_GC_Pos.mzXML Peak area,8_QC.mzXML Peak area,7_QC.mzXML Peak area,103_GC_Pos.mzXML Peak area,13_GC_2.mzXML Peak area,11_GC_0.mzXML Peak area,10_GC_Neg.mzXML Peak area,
1,63.0,3.0314283,144.11467,484.61987,128.07722,134.47472,137.2597,137.50722,133.26723,140.7497,132.52972,480.0397,135.19221,110.37225,126.24224,125.674736,135.3222,146.91968,131.55971,109.65476,137.6797,125.507225,125.92471,424.20242,121.02224,136.28221,147.3772,106.35978,135.89471,127.81473,146.8422,135.8847,141.0822,123.88722,152.86716,138.6547,140.6772,
2,57.0,3.1367142,68.407585,71.41508,730.7099,230.56029,185.78023,145.24768,957.32465,196.92773,200.39774,68.34759,716.2027,139.70267,208.35025,188.92271,429.02557,192.98274,199.57526,481.90054,190.39523,71.785095,222.94528,78.660095,223.0603,195.83775,182.45021,256.14032,215.21524,449.3506,924.0425,194.28275,192.70773,68.70258,236.51529,137.70016,188.46774,
3,57.0,3.1401422,66.61479,69.18979,203.23439,821.1727,185.56442,142.75954,251.34921,197.5869,198.1044,66.1898,197.33441,139.15207,206.70186,188.83691,427.17368,192.0119,198.74438,1796.1982,190.8894,70.762276,715.4001,77.279755,221.18932,194.1319,180.42696,256.01422,214.13432,1537.1672,235.09427,192.81691,188.9544,67.74229,233.27676,137.05208,186.84692,
4,94.04714295718563,5.134,46.839943,47.527424,97.08991,84.4299,105.07487,104.36735,111.32735,103.97485,114.24988,38.367466,120.95736,101.23739,115.13485,129.37982,204.67479,122.76981,99.26738,180.51726,98.36235,87.587395,65.74491,95.6774,96.55988,302.26514,109.51237,112.48735,355.83762,510.75052,123.34985,132.45483,131.00734,125.539825,148.89984,135.10986,148.59729,
5,280.99275183330525,5.1491933,3.5299988,3.6849813,28.174911,42.23235,0,78.60468,26.12491,10.775016,3.294996,39.429867,3.09499,373.31967,28.274921,147.34453,0,96.77969,35.5974,0,300.9645,118.08964,8.559921,30.322407,213.82259,54.694862,285.41986,59.112293,44.70234,57.947327,4.737518,3.6600254,3.0999696,19.642443,2.7799954,16.192375,0,
6,98.09963716660076,8.365856,439.63995,416.1222,731.4493,2300.8516,689.18933,2748.4175,2594.0515,2288.701,738.28656,400.86487,2474.942,2799.3542,2229.2842,677.04193,2958.0645,628.7098,676.0036,912.5038,660.0725,2225.1733,2752.0742,2384.5452,578.05853,670.713,2292.6106,755.6871,815.0541,2915.0002,2559.371,828.8414,791.84174,3251.8787,847.81384,2793.8208,695.88184,
7,73.0392114308336,8.7864275,24.362648,20.507622,42.697712,44.1502,30.665207,61.520294,40.3027,39.330254,26.947685,38.860157,27.21514,303.32678,45.790203,117.38319,32.410175,88.898056,46.24021,46.820255,273.28552,299.42224,35.190155,45.125195,236.17714,52.285206,283.7374,59.295284,62.53771,66.755264,30.390186,22.192612,21.47763,43.877754,31.045183,38.44273,57.275383,
8,110.05081536700332,9.965607,666.74664,532.40283,1734.9991,1274.664,15676.446,2479.688,12001.971,1649.8727,18487.406,0,14829.906,1017.5062,1344.5204,1614.2761,50658.062,14905.987,1551.7715,23118.186,891.85425,370.85397,0,688.95374,899.8895,1214.335,1176.377,1933.7614,1115.9972,16137.011,3541.5764,18131.908,19953.125,951.9441,20474.682,16817.572,18822.984,
9,109.07753503398365,10.375,54.89458,51.92455,191.46347,389.44247,138.10895,148.49654,208.51341,221.01108,185.71843,76.4619,148.77359,230.72113,264.58322,298.21564,319.81207,178.76135,294.44504,752.0702,228.54355,1081.3794,1027.3936,1013.2948,913.17285,304.4294,343.97516,290.12796,473.76636,3628.6084,86.26917,71.86426,70.18929,332.62006,95.68406,73.75689,72.30678,
11,120.05766380231282,10.461285,169.46097,150.04866,206.22316,192.48833,213.65565,261.94287,197.93578,193.87592,229.81299,128.92892,243.78763,251.70535,216.21559,227.3305,343.1767,233.00809,191.08826,351.67682,172.55846,405.0689,57.826912,439.56845,178.08835,203.64784,200.99821,192.7134,236.61526,806.9367,231.87027,704.20734,632.2453,281.40262,642.207,797.48804,730.9477,
12,120.0576004798198,10.461,185.79384,164.19148,224.37358,211.45126,233.2411,288.28598,215.67618,215.4539,249.14844,141.82172,263.58557,277.07593,237.64359,248.4585,370.20233,255.4786,473.81464,990.90735,191.7439,443.7498,63.08953,476.9393,193.6662,219.3232,220.36116,210.5413,618.03503,339.72482,251.34322,282.28326,265.22845,306.1782,259.68073,331.9527,317.04288,
10,120.05955558958654,10.461572,452.54492,396.42477,523.57227,550.3601,583.0145,726.52246,582.1849,626.17065,607.2172,362.45767,552.26495,728.13007,636.87225,585.4272,345.41675,649.3873,196.49588,361.312,529.2401,1104.1257,59.09194,1183.5922,435.62466,517.4073,564.32294,543.51984,240.32535,314.61676,542.53784,267.34042,251.63315,723.49506,242.10031,313.2473,298.6475,
13,117.0496226818962,10.951429,28.492647,34.190186,69.01537,140.10315,0,140.36826,167.58604,78.807915,89.18299,32.010124,0,510.59793,157.41327,809.9758,0,235.80392,86.662964,0,151.07571,28.03763,26.54013,26.662628,444.28708,86.470375,499.82245,205.40866,117.16811,298.66174,169.49355,0,0,99.9331,208.98627,165.69598,0,
14,98.0966491064021,11.003393,64.45675,59.00439,194.64267,150.28337,253.16956,757.9188,0,196.32266,856.21716,31.742193,320.6435,154.10078,190.46036,201.35776,17.614624,273.13428,150.45078,0,584.0069,68.74918,71.0592,100.50882,136.60098,131.19598,135.41084,196.27267,144.31332,0,306.5016,919.141,0,135.65343,0,0,0,
15,117.04758036492149,10.987242,20.60017,27.617683,61.480366,112.913315,87.59056,137.40588,169.91122,73.125465,95.0606,23.942688,95.62565,129.73845,138.82347,0,739.8782,263.86923,71.7905,986.3342,129.13846,23.590157,23.160141,24.092667,0,0,0,170.9112,0,276.76428,162.71611,134.53075,127.91825,0,216.59372,186.18863,936.9462,
16,110.05205342560245,11.838636,289.61926,267.59695,449.40256,1331.6486,631.005,2092.3743,545.0862,532.579,658.1949,0,619.33044,1991.8777,505.1544,1658.8163,0,566.4086,463.40228,801.2606,458.80243,464.30756,1424.9731,547.424,399.07788,459.49985,1721.6757,495.41913,537.6262,814.45074,663.1952,642.3397,649.9402,500.6469,611.37537,780.6709,590.9432,
17,117.06280522575835,12.484851,53.037735,47.390217,292.44235,308.36008,322.8275,265.20685,331.16272,238.00702,135.06053,50.372715,289.51758,151.21063,306.13727,277.99747,360.53525,277.08765,288.1229,318.78247,317.22278,110.8479,402.72272,107.0029,260.06964,0,301.37466,335.8623,400.21515,320.1198,298.68716,281.23013,261.78232,350.65378,323.76852,294.97528,123.16049,
19,68.03172546410065,12.5978565,49.82269,41.487633,136.76569,117.57045,130.7505,141.71307,151.28577,122.90274,136.94066,38.56765,147.92831,139.32796,139.14813,136.81807,506.35516,135.32794,121.590576,257.90875,121.945435,68.35774,113.4454,79.52535,100.89791,118.28558,128.98798,160.78821,131.11064,222.44365,156.28587,142.95831,129.2832,632.64105,386.58447,155.76096,133.81834,
18,70.04613545532939,12.597571,59.93768,52.275196,181.1709,150.62553,168.80318,175.1006,208.51846,161.48038,178.08083,48.01517,186.17862,586.7634,180.03078,177.08813,258.75644,172.65569,158.11563,331.4966,150.66052,86.500404,135.20056,96.33041,127.0106,152.01074,164.72319,715.5845,171.45338,937.71484,587.5374,183.3085,170.98587,225.50357,222.96655,193.05617,168.13342,
20,70.04569115504377,12.599286,62.422733,54.385246,610.85486,559.43054,529.38763,610.6962,708.2273,567.84546,525.142,49.890217,654.9742,176.3732,579.945,609.14716,255.84137,545.4272,539.0949,1071.259,512.0475,89.135475,438.61526,342.00992,447.07764,152.37076,574.28485,217.47855,174.26845,280.60406,201.40619,512.58026,469.55643,230.3137,217.3489,522.47424,438.9989,
21,150.0465186272151,13.000571,24.649757,24.427273,75.07428,60.227036,166.26747,73.91949,82.906906,173.10287,189.35733,20.917301,203.09764,159.61005,83.90689,93.59176,281.51477,94.26184,63.996952,291.3803,69.05701,64.3845,51.10453,67.46189,153.1131,155.03146,173.45229,83.816795,83.14157,248.18845,85.311676,239.75992,219.78293,335.02185,269.08246,95.40913,264.66504,
22,159.05080100097175,13.200286,13.372574,14.59008,124.68257,39.297684,143.56242,175.75493,179.92743,165.77751,187.01622,20.170109,191.88225,79.345375,158.72493,112.958,438.282,106.72809,184.0973,588.44196,64.46046,38.967712,38.17769,139.84265,72.67032,150.5748,67.65287,83.14296,192.90001,629.88715,57.85016,176.23979,170.35756,136.08319,209.43742,175.2898,121.948044,
23,73.03976224636509,13.255516,26.112642,25.267609,0,48.08024,34.63269,66.29278,46.32026,44.990227,32.675186,40.155224,0,298.97705,52.14777,0,51.250313,92.87547,48.01521,60.77032,231.21492,249.4274,41.3752,52.48023,232.67278,48.497772,243.42004,61.660305,62.942833,68.06033,0,28.965143,26.07014,54.97033,0,43.267723,0,
24,154.04628941625552,13.91843,8.377388,11.02237,35.394653,27.852173,43.309566,39.224598,47.304516,40.83453,58.636906,5.8224373,67.971794,35.492115,42.174534,56.056934,340.76462,60.491913,32.0247,104.14641,31.809666,17.652294,52.479446,20.019772,39.55963,32.812172,43.85956,46.709496,45.82953,91.076515,168.83012,103.93643,221.1272,71.08923,109.8589,92.76662,117.033806,
25,70.03807504365079,14.092999,23.404716,20.957253,222.60266,76.62413,58.509384,79.754166,146.61345,61.214306,58.454304,27.884684,82.54908,80.72159,430.14908,98.56648,92.181404,83.38907,55.77932,634.2731,99.50894,295.52435,37.979553,45.789494,76.41167,55.004353,360.36017,147.8484,108.121315,692.2403,129.18112,179.82056,188.16055,112.58128,257.81458,134.20853,167.99066,
26,70.03796428053367,14.095428,23.425123,21.28509,218.14877,81.30787,61.272858,86.11042,151.89581,65.46032,61.285294,17.29236,85.80543,85.33792,142.4658,102.49804,93.47297,86.77293,56.84529,216.60112,107.36551,101.918045,38.3852,45.650234,77.470406,54.527824,119.57065,152.62825,108.42562,196.9962,133.25075,615.8327,579.8714,119.50567,856.589,139.39822,578.1178,
27,75.02473483025511,14.227423,0,6.379977,52.197147,32.78225,24.572311,49.52212,44.974712,23.67729,27.367321,0,28.849792,47.26962,142.75752,56.399925,41.717213,53.254623,16.934713,159.3141,38.937218,96.53494,4.0350924,9.189908,26.369787,21.217306,142.72961,45.864635,29.677267,98.14172,57.289608,54.939674,49.977222,53.457214,74.772026,97.46935,83.822014,
28,133.04321524425362,14.287859,13.217374,14.63734,41.999546,27.67971,49.952007,56.374424,54.989418,52.79946,66.164345,13.974823,71.57426,54.579426,50.95952,99.4315,303.5321,106.39641,50.51196,667.84235,46.539482,31.98467,24.69225,40.724598,54.819454,45.67449,53.22194,57.391956,37.922066,450.98978,42.909573,211.0775,202.06982,34.87461,91.299126,87.434006,361.6448,
29,123.0526587161819,14.701144,29.307243,27.282234,317.03226,55.13456,320.5227,65.35947,392.7071,129.80876,140.77644,13.312425,144.29138,47.42711,138.50388,56.11209,432.69415,73.75195,108.76164,787.869,82.69182,45.879593,40.764587,73.59192,57.19205,88.839294,97.544174,152.59375,105.459076,393.63953,84.97939,139.5064,121.08641,80.309265,501.70975,96.90436,128.99149,
30,59.04112888393081,14.733428,35.40009,32.905125,90.39273,156.24492,81.840256,72.400215,96.46767,76.86532,84.63263,32.700058,86.58268,76.55268,96.522644,86.16766,107.18779,85.850296,87.762665,109.49542,78.94275,74.65263,137.99269,78.0526,82.617676,194.12747,86.61512,98.942696,106.49775,124.65784,83.85009,81.00522,72.3002,206.36044,98.01525,80.04521,85.37276,
31,59.04052578096692,14.733571,36.80762,34.152653,91.24025,80.34529,86.192856,140.3599,100.21525,83.15047,86.85268,33.500076,87.3827,167.68015,99.28522,89.37274,111.49289,176.08757,89.49021,115.40056,185.63228,75.99517,139.40271,136.48999,83.07519,86.72021,199.04756,101.85526,202.66502,122.7103,158.98479,84.13778,75.83528,136.98276,100.3403,145.94168,88.23532,
32,73.03805704435824,15.055283,25.442623,23.070103,39.970184,39.177624,32.987682,45.175163,45.10266,39.50517,30.550148,44.91764,30.957638,103.58229,47.63021,70.89778,45.857765,51.600254,42.61018,65.3553,51.952644,70.946594,45.1452,46.845215,46.97772,45.605263,50.240265,54.51775,98.15482,59.310345,34.600143,39.737717,39.257668,60.347786,58.11281,39.525208,46.220192,
33,107.06345968525737,15.698716,293.5587,578.11993,938.01715,966.30225,959.3652,409.12457,493.3368,1001.7269,977.4713,188.62888,935.93915,797.87726,1065.029,383.85175,743.2973,391.37433,842.66895,395.2746,980.6297,1198.6774,110.985794,1240.5618,1091.549,845.3822,991.1017,953.80945,1234.4948,774.85956,1098.1973,880.9081,1012.5171,290.68887,971.3475,808.8898,828.0427,
34,83.05293984777508,15.822144,27.03764,26.197615,123.93493,58.595337,61.757896,59.85537,147.27263,61.210415,62.205273,25.015137,63.96273,60.04533,69.08028,118.332596,89.76541,116.0276,60.942787,99.09552,62.312866,50.62521,72.3203,52.585186,55.82521,58.030197,70.30276,75.29033,76.78529,96.080345,66.77024,62.857826,60.83285,95.83534,80.242805,61.042717,56.987755,
35,136.03334169961832,16.300486,5.209778,0,38.190247,29.570223,66.27542,61.190407,180.46461,36.927883,60.932816,0,139.76283,37.8478,35.58772,54.697838,286.726,98.2132,29.03521,176.3311,24.505367,0,0,5.8801346,23.18529,16.54715,28.797604,43.150253,19.86776,62.140182,45.317654,169.93532,68.642815,31.092707,253.25467,77.18784,194.9849,
36,120.0577765837351,16.63857,12.012786,11.615245,108.71001,31.55808,52.96114,52.53858,65.338745,50.983635,68.13873,13.150294,77.46386,48.788498,50.67596,73.40141,284.62726,76.0665,54.687775,277.7499,41.073364,26.860584,39.770706,55.72737,44.898293,45.390747,51.953484,61.77613,52.08592,238.92638,52.995895,103.26691,89.50165,77.193886,99.53911,81.65132,132.08714,
37,59.99996606170845,16.887917,227.81786,103.979904,230.48119,177.0784,509.33942,192.7573,0,536.0866,573.7817,71.40761,0,416.48782,534.355,235.00278,188.24893,0,448.87927,0,504.36154,519.18005,122.48001,610.1054,461.1858,442.04224,511.022,222.90785,230.28584,0,0,0,0,511.68475,0,0,0,
38,59.99989624275172,16.89409,0,213.19002,225.93454,372.9128,206.96509,449.0756,0,229.52975,212.49712,67.12808,0,192.47783,231.08974,556.2357,194.86165,647.70746,192.51263,0,204.93039,0,113.14433,0,189.56221,0,214.00232,238.66205,221.36926,0,174.25104,0,0,216.39453,0,0,0,
39,59.99993423525649,16.942,47.38762,0,0,0,0,0,591.96844,0,0,0,564.5155,0,0,0,0,0,0,0,0,98.850204,0,0,0,0,0,0,0,338.88153,0,545.63477,536.4273,0,681.0327,497.2878,275.37714,
43,73.04402277690265,17.570152,73.550674,70.310715,105.0874,105.30002,83.52794,123.41439,197.30618,100.70753,82.68301,97.27757,83.61044,158.97357,110.01971,287.543,0,416.17694,101.62485,321.15863,115.25696,120.16193,114.48203,149.34117,121.63941,107.27951,125.53428,227.67493,135.124,178.71257,102.5574,123.21219,67.4707,0,245.14015,123.81433,414.3689,
41,73.04343239043929,17.571472,133.62735,114.6019,199.15439,198.30504,143.69397,223.39665,113.627815,184.54762,138.17159,190.91695,146.53001,161.19574,198.47462,285.48837,0,244.36316,184.88824,315.82883,232.6417,119.78038,203.25714,154.01073,230.83435,222.78433,253.38281,130.28537,135.68295,173.50795,99.165115,70.47517,66.55269,203.74684,131.26274,119.11762,237.65028,
40,280.98763035294166,17.566856,55.262157,54.887115,72.78204,84.60447,60.33717,99.24688,78.98954,73.74202,56.302174,62.48703,56.19712,125.91664,77.57696,401.98303,58.01479,213.86382,62.80211,72.82958,82.8918,78.001915,74.79951,104.70159,88.3044,64.93961,82.6719,88.76187,88.1419,71.152016,76.117,39.994797,38.804794,247.69536,76.782036,153.40343,195.90907,
42,280.9892601106405,17.570555,0,43.68546,0,71.10557,48.285492,84.305725,62.28814,63.910522,42.930496,50.690437,0,107.820854,64.13557,191.6745,40.43297,172.65422,50.905464,114.41958,75.54289,64.56055,65.455505,52.83603,70.44063,0,73.52803,71.823135,73.32062,0,57.690594,0,31.192827,0.002420133,0,0,144.52931,
44,191.0821942041271,17.887142,35.78038,39.415382,32.155235,34.880432,32.535454,31.427963,38.640457,31.728077,42.09543,18.5351,37.440117,33.202908,35.27531,35.068016,36.0279,35.2281,43.129894,33.297913,50.710052,26.62274,23.535032,25.760138,46.292515,24.19716,59.432545,42.37265,39.44507,43.58741,46.93012,33.497986,31.722898,61.02772,43.370087,39.33011,33.655396,
45,83.05660318396085,18.075857,21.797586,19.257572,48.855225,84.57695,49.19261,104.63954,55.18023,50.35498,44.942684,20.260101,87.85207,109.33993,53.33518,44.505184,74.39524,43.945152,48.54269,79.54014,49.29514,39.490215,65.48287,40.192795,41.25023,43.7454,51.762714,56.44774,58.987896,72.01561,51.20278,48.100117,46.615112,75.01541,61.950306,49.11523,42.300144,
47,120.05094212501263,18.352571,90.83084,91.95345,250.353,321.95752,365.20926,351.23907,688.6164,334.2292,387.78622,75.693634,518.9312,548.4604,428.5256,415.44125,1714.8092,533.87915,605.1157,1096.456,459.02853,250.6082,214.99478,392.05283,466.07825,515.79486,434.99786,639.0951,461.0298,824.3976,509.97754,856.6974,820.1936,427.01617,698.29767,599.32,1415.1366,
46,120.05005518078129,18.35257,90.83084,91.95345,250.353,173.94447,365.20926,653.7694,401.46378,682.7613,682.7314,150.69281,892.0958,286.61554,252.50063,741.08307,2818.4033,903.9766,326.02185,1903.8434,238.30846,138.67996,122.922585,211.60071,258.4778,283.00323,257.37296,369.65372,238.77527,1520.4745,317.87918,1415.9403,1364.5088,261.37036,1159.7395,1061.2072,2333.9827,
48,137.04997936281111,18.372427,38.240547,39.65554,101.86399,84.72119,96.03384,188.89668,105.841446,201.25694,180.14972,33.410553,105.58418,103.031425,109.77401,107.021576,256.46237,102.49136,92.55139,289.55173,93.37127,93.86406,99.57405,95.416595,96.02408,91.20172,105.00153,108.7315,131.30971,141.49762,92.96906,96.798836,96.60373,143.23973,117.72448,104.58662,97.74132,
49,96.03093133752044,18.669573,14.515074,12.737557,87.515274,72.0428,116.67558,35.47021,286.12128,93.57822,129.34543,13.935033,156.90796,31.542654,99.69789,86.12274,34.09269,114.96298,172.565,89.652954,202.43707,19.900126,17.32259,24.302607,30.595158,61.610065,225.19492,227.0357,67.46268,69.03769,198.39545,318.5451,310.7675,32.215187,743.64276,63.52529,396.99756,
50,143.0583009472435,18.735708,11.397409,13.192415,29.737396,22.834854,31.59734,32.884735,34.337326,30.052208,51.92484,8.092438,49.704838,34.542362,34.33738,42.60977,50.89735,42.099697,30.024857,66.52467,28.452278,18.844913,27.65488,22.174942,26.33242,26.82495,31.152386,36.687317,32.602432,57.80243,42.84979,32.454834,30.564768,37.169884,39.21989,37.80233,44.66977,
53,120.05438297216423,18.750141,19.524994,20.699997,108.199814,37.677498,81.98491,76.15986,80.119995,127.08273,96.360146,19.27002,121.42791,68.472404,98.921196,101.39975,503.3985,125.17469,61.375008,325.83472,54.137337,40.212486,34.665024,54.687607,62.100117,57.685417,62.29993,72.085,58.127663,203.6662,78.47774,226.7049,218.35959,57.05256,171.87553,157.81041,362.90997,
51,120.05372128586737,18.751,19.524994,20.699997,57.737564,37.677498,81.98491,76.15986,80.119995,71.589745,96.360146,19.27002,121.42791,68.472404,66.67753,101.39975,920.7134,125.17469,61.375008,325.83472,54.137337,40.212486,34.665024,54.687607,62.100117,57.685417,62.29993,72.085,58.127663,203.6662,78.47774,412.71994,218.35959,57.05256,328.6544,157.81041,709.13135,
52,120.05400879361088,18.751,21.350384,22.615406,62.388557,41.01821,88.39128,82.658745,86.13878,78.8788,102.87654,21.342962,129.12206,74.19363,72.01867,109.93907,532.5072,136.07202,128.1096,350.13492,101.08739,43.813255,37.733177,58.95852,66.78612,107.61967,67.57106,77.768715,62.628624,215.55124,83.4663,242.36324,234.59056,61.72606,182.04271,167.66751,386.435,
54,180.04687093974104,19.168997,18.68257,22.840027,63.829964,53.235138,72.277725,71.61276,75.347565,73.13056,117.597176,13.900014,130.34738,66.89264,77.097626,129.89568,164.24498,92.090416,53.47499,150.9853,57.807777,44.415077,72.47249,48.702477,62.544823,50.66979,74.98511,80.35492,80.68496,126.39459,95.23739,140.00522,131.1629,150.99234,142.64986,120.87741,166.13243,
55,180.04665436769986,19.168854,18.68257,22.840027,93.134796,79.19487,108.31732,100.78247,75.347565,73.13056,83.37239,13.900014,93.02736,66.89264,77.097626,89.46271,164.24498,92.090416,53.47499,150.9853,57.807777,44.415077,72.47249,48.702477,62.544823,50.66979,74.98511,80.35492,80.68496,126.39459,95.23739,140.00522,131.1629,150.99234,142.64986,120.87741,166.13243,
56,156.05478962280205,19.54571,22.907503,23.555086,52.849922,43.715195,59.842743,86.817184,60.85011,74.792404,63.23504,14.872569,66.02743,75.854965,52.997623,83.21969,82.75247,95.219635,42.987545,79.565186,61.737247,24.242563,35.067474,27.167423,32.362442,57.67506,58.437286,54.92753,50.662476,59.324814,65.57988,71.017715,68.84775,47.644966,82.97992,83.59742,54.980125,
58,127.0986975943759,19.698235,3.8700886,1.4300327,21.550083,38.789944,17.047626,21.935053,27.684975,19.624977,22.722698,2.4299374,30.650051,20.532581,21.162592,22.417574,43.62999,22.375032,18.499851,37.117424,18.795034,10.642528,15.419979,0,16.927565,19.43256,32.073822,28.60508,29.491879,39.050076,29.825098,29.612564,24.572746,29.005146,41.845093,29.924892,25.81022,
57,113.08970939560585,19.698679,1.8648586,0,41.869858,10.727182,22.72724,23.09196,49.5418,20.412006,25.886963,2.704938,20.239895,20.534523,41.226948,22.931938,44.733967,19.499632,24.6415,41.52906,17.00483,10.982228,14.999645,11.699735,10.844939,18.312052,20.342022,47.5559,22.574528,37.46411,29.364388,30.009338,29.326824,31.443699,41.41413,31.876871,28.63445,
59,127.09904184209533,19.69956,3.8700886,0,23.447596,20.850142,22.422722,47.1925,31.167685,24.210125,27.83527,2.4299374,32.437637,23.112644,23.48518,35.099792,49.645287,26.412731,16.482346,91.51702,20.80006,11.39257,16.670094,4.3526945,17.765097,18.915085,22.37517,31.205175,24.055128,71.38721,31.625181,33.105164,30.702845,30.81019,44.382698,34.747643,31.847792,
60,59.99905559441404,19.844707,12.629586,7.844921,20.451988,9.5722065,28.944195,16.27227,32.839058,25.729229,31.291569,11.022176,32.111485,7.86518,23.899296,22.519402,50.01596,24.264282,16.084812,59.210785,18.562359,10.599783,3.8621502,14.260326,8.640198,22.104324,15.079772,27.84415,24.38179,53.393383,31.336483,329.80533,310.71402,24.496702,210.38431,0,280.42938,
61,75.01423348237655,20.018227,5.0851164,15.960056,11.760062,59.207706,15.070174,115.552536,22.42533,14.675531,17.967793,2.219965,0,131.27238,27.472765,80.09323,21.142687,69.81108,5.344697,0,28.082796,17.970074,7.3921986,20.669874,73.19494,19.205063,24.877695,32.210403,10.929842,32.957832,0,13.257643,12.892635,35.887665,8.752903,0,35.530674,
62,120.05583343039264,20.149265,20.345156,20.687618,39.000294,27.802649,48.52536,41.470287,54.677876,44.282784,45.320286,12.695088,73.63804,31.905191,31.94769,40.390305,109.678246,54.72035,34.057804,65.05045,26.372671,17.012568,15.9600725,23.477654,27.565165,0,26.98522,44.107765,28.285185,50.13529,57.455345,173.74052,153.06744,29.532713,181.80566,61.02292,101.003334,
63,120.05592688289342,20.149559,20.502626,20.577637,38.25792,27.640175,48.377884,70.52733,87.59751,77.192535,44.252964,12.597605,70.896,31.880196,52.13244,40.352814,106.82872,55.217762,33.925327,65.53787,26.697618,17.00257,15.44016,23.002735,26.795296,0,27.025213,43.115437,27.560305,48.08563,54.62082,99.78833,95.88096,29.060291,112.65178,59.578156,100.115974,
64,121.09769890317779,20.340572,16.23537,13.464906,50.097214,39.374878,71.84009,67.13004,52.47226,51.37996,78.61221,12.262682,54.214622,48.459835,53.214798,54.01738,77.18968,53.71744,46.36218,81.58976,49.479916,38.574715,31.329712,40.994614,47.009537,40.534462,51.879677,52.44723,59.89936,71.199196,47.984726,52.96984,49.40743,54.314598,58.55468,52.954628,52.309845,
65,175.06770786954863,20.341146,13.720084,14.437567,29.252707,25.320177,33.74524,32.315205,43.567528,48.38751,34.397728,10.450045,34.670204,30.295225,34.422714,38.45279,50.250362,34.96273,28.07016,52.745346,36.05258,30.779858,17.577595,23.985107,27.492657,21.275135,31.525206,33.92267,31.610111,39.942757,31.010197,36.28524,33.500233,46.729652,39.26024,34.655167,36.477737,
66,99.06346170229733,20.355854,17.707651,17.015106,48.397858,43.59784,95.3769,90.04988,63.682983,49.9029,99.9146,11.337563,64.28798,75.477356,50.035374,50.360405,100.46321,57.415413,40.56028,98.98329,44.440323,21.450174,32.900246,25.382654,34.272682,35.265194,45.765343,63.100433,46.49534,143.68697,66.69794,63.61799,64.00542,56.515396,84.84299,87.28669,61.407867,
67,113.09143114285044,20.355854,3.6600838,2.5200577,32.57489,29.327389,38.00484,35.589855,70.12236,56.114773,39.579906,7.1824903,40.38244,34.127373,33.86734,49.195473,68.24475,39.649834,26.829891,67.72967,30.952354,14.517477,23.32991,18.947422,22.177416,24.134926,30.794943,42.819893,30.969866,52.73488,58.45221,42.359886,40.58487,40.20491,55.924824,42.75741,43.219833,
68,193.06059476955278,20.658144,11.525033,12.005049,23.96012,18.645008,31.877342,21.614952,24.802557,21.879934,32.644955,10.892543,34.279827,26.366144,24.325045,29.097527,35.0625,28.732414,20.402538,35.309887,19.93745,14.547612,13.992606,17.080198,21.812803,31.753578,22.040102,25.280115,24.00772,28.957844,22.247578,24.579935,23.664965,25.445179,38.817364,37.7774,27.909958,
69,105.07941087804662,20.659428,35.992325,19.567572,35.52764,28.140131,35.73014,32.690125,37.04013,37.64518,37.28517,18.742603,36.377674,34.82012,39.21512,40.94767,53.66765,38.212685,49.395344,59.470184,35.70765,27.037613,24.942625,28.735174,37.945187,30.94262,56.250317,37.91266,50.36284,50.657738,31.385126,35.535126,33.132614,45.637714,40.25263,34.682644,38.79264,
70,156.06384432557684,20.702147,10.6299515,10.437398,23.589855,18.749847,24.73984,25.882313,26.059849,22.004803,36.409935,6.982438,24.674887,24.239819,23.642303,24.58984,16.604883,24.409767,19.247334,26.354813,19.072338,10.959897,16.369888,13.462378,15.219939,18.099903,18.492392,36.464973,23.529827,25.502365,22.779867,18.73485,17.167353,19.874847,26.669966,23.879898,11.872429,
71,156.0632065179261,20.70186,10.287509,9.969976,22.292572,28.277401,23.934973,25.134937,25.120007,21.337414,24.577526,6.727481,23.195135,23.327473,22.684963,23.687492,26.185513,23.642395,18.37498,43.75278,18.54493,10.417488,15.58752,12.692507,14.387579,16.717636,17.572546,23.392513,21.965092,23.82515,21.722544,17.962479,16.439976,18.892513,20.615059,22.710094,11.297525,
72,57.04529849461511,20.87843,43.86493,25.570147,80.19954,48.792786,78.40981,58.450344,65.72533,85.229935,76.38603,22.945118,57.837658,58.777718,82.37001,121.5966,115.62071,73.322914,70.398415,81.3105,50.895355,41.58009,41.23004,45.14502,80.594025,100.90281,70.18542,64.78023,121.44482,72.422676,56.215195,59.090336,56.455307,66.69264,82.57281,112.70747,76.317825,
73,125.07403125737135,20.877647,18.0148,10.689824,48.24734,40.322517,51.217487,66.247696,69.66984,52.97029,51.849834,12.065033,52.03473,45.044907,53.877357,54.81494,66.98998,79.37452,43.474854,65.917564,50.352676,38.07979,35.72973,38.944763,46.687122,0,49.894806,49.814827,53.11962,54.036987,34.76934,54.05996,73.79753,59.034637,56.677208,42.486954,57.689972,
74,120.05108893129389,21.061857,131.0285,70.68765,249.02054,172.52765,373.06558,387.24078,316.48294,337.50305,442.30795,59.67267,558.07556,293.21783,253.28293,420.4504,1839.3112,555.05585,240.62543,956.7858,222.06775,167.38284,89.58026,379.17993,249.81046,399.18616,366.54294,390.9197,326.58856,523.2457,600.2805,1008.71814,980.763,160.04532,771.8161,787.8434,1547.0533,
75,120.0505283086542,21.061857,80.11269,70.68765,249.02054,172.52765,373.06558,606.6805,316.48294,595.5506,442.30795,59.67267,827.5753,293.21783,253.28293,621.24976,2670.1055,859.9584,240.62543,956.7858,222.06775,167.38284,89.58026,223.83798,249.81046,216.89317,222.53781,244.02779,207.16785,883.1129,400.59308,1459.2899,1401.5256,160.04532,1112.8894,1135.027,2183.5383,
76,120.05093551696905,21.061857,80.530914,71.06356,404.41403,260.16965,601.1518,399.95288,472.0813,355.32358,661.5435,59.348694,535.2846,466.37366,405.71637,422.9096,1806.1207,573.17004,362.4787,1426.6885,325.2036,269.68173,87.39047,215.8697,239.25409,200.63397,220.77512,241.2299,199.92503,490.80157,387.56653,1013.1504,982.4987,156.86905,741.696,768.7037,1537.8755,
78,81.05059866812755,21.149288,99.663376,100.2133,200.94196,134.18285,192.00429,150.4499,204.4617,185.86615,205.32458,104.658295,204.1173,155.1251,208.60439,216.82166,259.3533,202.69159,197.53929,263.778,206.0739,109.49559,107.403145,120.73271,319.34647,180.80887,349.31314,355.9272,250.92328,268.2679,150.94781,176.49709,166.11238,242.08372,212.77669,151.39017,321.31674,
77,81.05069279792997,21.149431,171.1435,102.44072,317.96786,137.9186,198.09389,156.2561,207.72394,198.18872,207.7916,104.60831,321.92102,157.74365,211.60648,336.06738,265.22433,329.95377,197.86389,455.5578,213.744,109.18324,105.44322,117.63819,209.60135,170.011,206.92397,216.1091,243.54662,259.00418,149.01114,182.20377,260.56226,238.87909,211.7065,150.96608,203.67131,
79,121.0998453991035,21.333717,208.22554,205.6554,425.63464,314.84497,438.864,394.38342,401.74142,282.15018,433.1805,179.82997,455.00772,428.0082,454.74557,462.25824,463.0928,484.12,398.67282,464.2531,438.62683,152.3651,118.29732,162.39957,463.9603,398.53827,469.23065,403.74295,542.5029,284.93185,354.60925,284.71634,265.9136,636.8131,291.1348,474.07953,497.26483,
80,121.1000746663865,21.332287,207.18573,299.1205,275.8635,216.42264,293.73273,280.98267,261.563,298.15747,306.49063,262.2702,301.6213,289.0203,306.36044,327.40277,317.2103,320.68512,270.73547,316.9551,299.76764,150.03049,114.49296,155.52573,284.6791,226.53482,306.68552,269.8481,348.65195,270.70425,237.87576,455.07135,271.50018,424.29407,284.88083,293.47052,319.4702,
81,119.09925363212915,21.332,151.58545,151.47025,208.11829,156.99255,212.34259,208.85759,192.75043,350.35214,227.65533,136.59789,215.82846,216.18277,234.10535,248.80292,229.97032,240.4552,203.08783,240.73253,226.7027,115.66047,89.100494,122.3406,214.80362,173.22418,232.60799,202.28802,258.99646,205.3189,171.1331,302.44806,197.67268,319.90585,326.9016,211.76808,226.96272,
82,354.98622393774053,21.530434,34.84017,31.942785,51.147842,52.04541,36.76774,60.368004,51.535408,45.130314,38.160393,40.592796,44.75035,88.325485,63.445415,162.05357,38.132553,129.34323,39.120388,41.622826,46.637833,49.252888,48.122803,48.777946,61.0505,43.83532,53.085434,60.195427,65.67296,54.668,69.91148,22.380018,22.295105,206.74124,52.78542,86.366165,129.9186,
83,73.04386552557837,21.533718,88.55939,58.295074,93.8405,90.182396,71.00237,104.79217,90.680176,87.826935,72.3027,127.996544,112.12133,149.08966,164.71982,246.54733,88.05296,187.99673,84.81285,94.0274,99.32208,157.98932,102.89555,99.93573,114.111046,91.16632,110.075356,109.855286,195.02556,113.18608,90.16329,58.625237,57.567734,401.32172,90.83829,107.728355,179.21074,
84,126.09881695763875,21.54528,18.15506,3.079978,59.455044,88.327866,90.24982,112.55816,49.312702,57.877945,66.32519,9.865032,101.184364,116.79791,60.987705,24.880106,23.495108,23.295118,85.07687,24.51009,56.762825,7.2747993,12.257564,14.062537,15.10003,51.247314,61.59748,50.17506,77.58737,21.437572,100.60985,60.30033,54.655296,21.627508,50.407528,121.27511,22.705069,
85,126.09923631547603,21.546282,17.72763,2.1851282,58.33273,89.760124,62.9977,115.782616,49.13523,88.02978,65.932755,9.8275385,61.965324,176.06396,60.570274,24.905106,23.35513,23.442593,54.675217,24.590076,58.0776,5.9225264,11.910122,13.730093,14.532625,47.83289,60.400185,49.472675,120.60185,21.292599,147.55359,61.465134,55.775112,20.78265,49.560173,119.920334,22.742563,
86,85.0513757166752,21.781004,117.027626,118.552795,219.63782,144.60782,207.98807,187.95058,199.87556,199.65315,236.19038,112.28508,242.92769,201.47299,230.08807,253.15067,264.60553,234.77086,217.89023,254.903,222.19814,149.245,97.0775,247.4051,263.1947,185.86533,232.2878,209.98787,290.04196,263.1094,171.75246,201.03569,193.45059,334.89255,265.96292,203.18277,399.5187,
88,126.10037470299605,21.781717,178.3306,246.07742,453.49615,326.17215,472.62158,453.33533,422.06293,322.85257,501.99744,165.30637,347.0714,437.01746,494.44348,544.5218,586.04974,532.2916,446.5313,558.9892,497.14636,216.40428,202.6511,219.1279,521.64636,265.63318,489.48636,456.50336,597.2475,547.4034,374.45068,458.10516,452.17645,715.2658,324.82034,303.43695,370.67978,
87,126.1004811219967,21.780718,257.41895,179.8104,321.83267,220.00542,322.0301,296.46936,301.09125,322.85257,354.28394,165.30637,347.0714,306.4856,348.32144,389.8058,396.2335,373.7186,322.48,389.71674,345.572,216.40428,131.99408,314.78885,364.51553,265.63318,349.06766,313.667,414.64807,365.08075,251.02701,319.2222,303.81723,491.23248,485.3952,303.43695,528.2588,
89,123.09200982523042,21.97,27.192842,26.46288,110.160164,88.10252,86.14628,130.18753,107.93256,125.240364,129.73286,18.59498,137.77287,119.62519,89.50838,122.52037,119.413635,85.398865,102.70789,167.56784,77.66617,47.675163,95.01997,76.82744,109.84706,93.9794,112.34537,75.350494,131.4774,104.68982,89.517876,143.15271,124.18524,138.65529,127.04043,158.69737,93.76382,
90,194.04008597290144,22.263718,37.674778,43.304825,75.34214,56.99243,79.134895,71.90992,90.35472,78.78502,117.157906,32.33233,128.30986,69.8799,86.85475,96.45988,234.375,98.28257,69.04464,163.2501,71.51248,45.167236,65.184555,45.397167,66.6569,62.974236,81.14481,120.735435,85.68181,131.2288,106.737564,104.59747,102.2424,119.26435,125.16197,130.71492,127.15747,
92,194.0400853133398,22.263577,37.674778,43.304825,102.1575,56.99243,117.059944,71.90992,90.35472,122.182556,85.33467,32.33233,93.34432,69.8799,86.85475,96.45988,169.9895,98.28257,69.04464,163.2501,71.51248,45.167236,65.184555,45.397167,97.694885,94.13464,116.454994,90.56471,85.68181,131.2288,77.29203,104.59747,102.2424,119.26435,125.16197,98.98953,127.15747,
91,194.04014699320962,22.263288,35.37266,40.69026,70.56544,54.337875,75.80545,68.84043,85.21559,76.00299,80.47798,29.975224,86.80042,66.44296,82.44049,92.13311,161.13098,94.71566,64.81285,157.3861,68.30552,42.215233,60.62532,42.052727,60.7154,56.37284,76.560585,85.673035,78.81546,120.23565,72.56283,143.36732,139.95015,111.895584,164.79974,92.898056,121.94585,
93,93.07776300562189,22.32372,40.882206,38.147408,84.86695,62.369537,89.54932,72.90442,85.37939,86.794266,149.45712,34.887238,156.82008,75.07445,90.909355,154.40257,124.41411,93.654236,84.03448,123.60652,82.70434,53.724705,45.15225,59.63464,94.4395,76.53448,89.71186,156.17868,104.05183,112.2543,75.30205,91.06691,85.99695,106.52677,99.55682,82.5994,99.36179,
94,108.09674076191116,22.32272,36.762245,36.474796,128.32722,94.0145,136.2058,119.39252,79.91445,141.1237,87.12693,29.854767,90.25705,67.32451,85.85436,92.13179,195.14424,87.86432,72.53708,116.249146,121.522736,48.057167,37.474785,53.03466,135.4731,117.11427,80.27202,80.80947,92.88701,100.334435,109.73947,85.58937,79.60442,167.2953,92.349464,114.03823,91.35438,
95,57.04626890297303,22.550568,31.030075,31.117579,50.415184,39.33267,84.70758,45.210186,44.802612,56.495132,37.82511,26.927599,32.77015,81.89264,123.08014,59.257797,47.527714,51.51523,44.867664,63.58282,81.17725,26.802597,47.680195,31.20512,98.0754,50.760357,89.61771,44.6976,644.03375,78.41286,41.745174,33.99761,33.532635,110.28269,52.000175,108.18404,44.230267,
96,128.06389937050744,22.606138,7.4800577,10.095089,21.547756,18.920187,20.11514,18.94263,23.497688,22.645012,22.195204,8.8475485,20.69778,21.31266,25.702713,19.75512,88.53267,18.515072,20.850208,80.06767,21.230091,16.982595,28.475307,19.697716,17.612686,19.060234,23.605198,27.190266,31.495365,43.410423,33.435158,24.165104,20.300167,36.08788,54.870087,20.435192,20.605082,
97,74.02821181404404,22.721712,13.38759,23.445078,21.917664,23.16018,20.425156,23.917664,19.14761,22.495176,19.14515,31.572256,18.485126,28.557745,23.407667,22.650177,21.08765,20.400166,22.8026,33.06527,24.770168,18.33258,24.690119,22.912626,51.909927,21.692616,24.307653,22.57516,29.72519,38.195213,19.637627,15.540119,15.007595,58.065395,16.480097,21.312626,16.170086,
99,137.05660627153983,22.772575,39.419804,39.79975,86.727325,88.3596,126.39699,115.712,120.62711,84.53923,135.89714,14.699863,153.21234,72.64212,81.76715,76.57703,283.98676,125.091606,57.564713,144.78172,61.87961,29.19231,25.61482,37.724937,58.492336,48.964897,50.33228,80.599754,51.52732,72.45982,178.42992,230.20425,301.1651,53.5674,310.378,211.0898,215.68925,
98,137.0562395506952,22.773432,36.76025,37.392746,79.17554,84.06311,196.44987,181.39247,194.28864,82.42305,196.85968,13.29755,212.6455,68.74291,77.11803,72.46294,184.79636,200.35228,53.352837,219.57248,59.080368,26.470125,23.630136,34.162766,51.737793,41.952705,45.545246,74.81555,45.437744,63.705383,251.49963,315.05234,210.7468,48.25784,195.3188,296.4761,294.06772,
100,196.00326402163222,22.971724,0,3.3524961,7.330168,5.587551,7.465171,13.290068,9.225211,7.0700502,14.285021,0.5200119,18.587591,9.7601595,6.080139,12.3150625,43.197464,14.700091,0,17.600143,0,1.2600288,0,0,5.6199284,0,1.7200394,5.980137,1.844883,14.659974,21.150108,37.882545,42.73229,10.660006,39.252518,36.322586,38.982464,
101,137.05789951664732,23.03828,14.217559,16.0051,32.680138,31.602697,49.525208,46.187668,45.005207,33.69274,56.752647,7.8125734,66.31271,30.567648,33.110146,34.80519,176.97617,52.857727,23.35766,67.315254,23.700163,14.212586,15.860116,18.037546,24.50511,21.372545,25.405153,33.050156,24.067642,38.420124,78.295166,218.91689,191.03435,31.422674,111.35784,113.0652,247.29105,
102,120.05289963483078,23.072432,60.46392,79.1397,126.050285,90.25825,221.48074,198.29373,161.63203,153.96419,239.17325,27.704428,380.22836,126.11256,114.6104,175.44441,1248.823,289.84174,91.1509,423.38943,86.36331,55.211452,35.586758,75.93361,104.95799,134.48444,89.05327,102.21564,110.11185,180.99152,316.382,783.4657,766.92584,71.62114,562.6178,614.0095,1256.4307,
104,120.05285401107913,23.073717,62.790188,55.05009,124.67828,96.962456,335.02762,303.29886,243.29648,177.41917,348.88068,28.085114,529.3769,133.44763,118.26525,182.51292,1679.649,437.24466,90.98552,634.55505,94.2874,56.200256,35.267723,72.15568,98.65092,74.64859,88.605316,158.04095,71.01059,270.93222,473.1408,1173.6754,1127.2291,70.06306,805.22815,932.1027,1938.0366,
103,120.05305787327704,23.072718,62.790188,55.05009,190.05974,96.962456,238.61981,217.8598,164.17302,256.25504,243.01337,28.085114,360.8282,185.85194,175.34744,254.90216,1272.7981,321.754,129.91235,451.30975,136.59262,56.200256,35.267723,72.15568,98.65092,74.64859,88.605316,103.65046,71.01059,166.71933,308.1824,844.7895,816.32,70.06306,544.33673,614.86304,1326.7769,
105,120.05230451177472,23.302423,59.38006,50.325058,242.28653,181.19504,357.5991,401.49878,301.01907,359.20798,402.0563,46.757607,522.9051,329.61383,247.75409,393.28632,1667.3451,525.4195,160.25293,898.3993,222.24748,190.07591,72.91774,267.41528,243.24269,255.40056,211.58232,242.83011,150.43562,341.06693,377.59402,950.47754,885.14136,107.19777,707.0841,787.79584,1414.7102,
106,120.05132233677924,23.301281,89.00218,73.58247,156.78398,118.09276,255.21016,274.71725,191.2735,238.40034,276.49963,66.82237,332.88297,213.82321,167.80673,269.4048,1159.0364,365.49316,156.31941,611.92596,155.80708,120.70245,70.63841,155.38402,161.29889,134.12651,149.17442,146.64453,143.22913,316.11993,245.17003,640.35925,619.6813,103.46519,446.3209,515.7249,951.6145,
107,68.02225957927291,23.50843,13.8524475,8.184795,29.899729,22.067474,34.36227,29.779755,35.25223,30.064777,35.579754,2.8949604,81.41244,25.192299,29.349777,29.032291,94.00189,23.002186,24.489819,74.25446,25.567295,19.384975,21.339836,20.399805,16.95484,13.379742,26.612247,32.45727,16.137161,41.814625,49.86465,77.05956,106.73443,36.639664,114.77033,69.857056,155.77266,
108,167.04396267391144,23.78129,71.48809,78.5254,265.35394,204.49968,294.61002,254.12326,301.4572,312.09924,329.20557,51.92783,348.41483,250.59485,309.6579,348.40976,492.7605,345.99017,248.85362,485.68237,201.33287,148.48878,173.77701,202.5882,210.87108,261.00192,303.81772,308.4824,365.7926,424.96964,315.6036,398.79733,393.66428,399.17715,447.26974,364.39447,406.89362,
109,122.07152507044414,23.784006,247.92609,142.10263,888.7122,735.4963,1002.9981,1034.7422,1063.5205,1115.6893,802.572,287.04367,1152.0311,1050.3414,808.6908,990.19025,1705.4235,1125.8286,915.01764,1625.3009,1020.79016,859.61597,854.73474,923.08813,1061.4071,1157.688,875.0514,1115.3812,1587.455,1739.086,704.6088,1152.0118,1113.1082,1193.627,1038.7634,1061.0745,1370.4843,
110,122.0711599342946,23.781286,398.07452,218.18863,548.4383,464.66492,616.6693,627.7978,667.9707,607.9126,532.657,474.75415,754.313,636.4993,479.17255,645.5692,1129.2036,693.5296,561.3252,1012.0618,583.08514,474.7988,510.258,534.85394,605.59766,650.86194,532.8267,695.12006,945.95935,1047.3472,466.47153,769.94556,741.85925,728.0031,672.90216,690.9752,964.97296,
111,127.09857959628118,23.896578,3.495016,3.7349672,18.962425,16.562452,24.389883,27.552427,23.967426,23.907385,26.832438,6.7199535,33.817448,22.654907,21.322428,21.88488,57.6421,25.414967,16.927427,49.552185,18.654926,12.449904,12.934911,12.507408,13.822468,13.937411,18.69244,17.74525,18.339897,29.419893,41.617462,94.23013,62.002335,24.139982,56.92737,104.13766,111.9253,
112,167.04696807172573,23.952717,20.877619,17.375038,51.295265,38.91269,42.912712,43.13775,43.93017,45.52781,71.70937,16.345093,51.745216,72.342255,49.52524,50.12526,54.277874,49.172802,40.82267,66.86034,44.062813,34.595207,47.447598,34.29014,84.1645,44.202637,44.085175,45.68777,55.86519,56.352676,37.490177,35.77272,35.56275,52.39266,43.715218,39.010216,42.88782,
113,167.04734147533145,23.953146,21.180069,17.684986,51.360252,62.65731,44.84739,45.102413,45.25994,48.432323,47.44005,16.857508,51.842693,45.692524,75.77487,51.47003,57.1049,51.61489,40.862663,69.95982,46.28244,35.402573,63.216297,34.175156,51.330288,42.13798,44.74256,46.77509,55.052822,55.367836,37.792625,37.547424,37.522415,52.44515,44.880016,39.905067,45.349907,
114,124.0602251839871,24.168001,39.24761,41.992554,146.04478,74.67748,156.24913,92.3221,139.04713,151.67426,152.96724,46.78996,161.36458,86.63485,140.99193,164.13689,125.30956,120.78945,120.05484,136.64711,97.85717,72.45223,43.26031,82.547226,109.91353,124.69029,99.662735,99.18261,159.67487,114.88595,132.69199,113.42443,171.41931,187.01189,158.62401,105.784935,126.94433,
115,124.05921466731337,24.166716,38.04986,41.154877,98.70201,74.522446,111.139984,94.41003,100.592224,107.06036,113.05971,31.112387,113.08451,125.66929,107.062164,119.852356,128.92534,174.48964,84.92216,139.9078,98.9324,50.554764,41.15486,53.729702,151.50986,67.78198,96.6971,130.80724,104.82682,107.89946,91.639755,118.82308,117.210205,128.4845,119.33982,154.74947,132.99812,
116,126.09962107639252,24.207003,10.857373,15.499944,40.472153,44.51972,42.274933,129.74686,57.81956,47.84482,44.349663,15.779905,47.417114,137.98103,59.549606,213.04822,65.662025,221.79573,44.227154,88.224556,74.86463,30.234755,21.114836,29.19718,67.84436,42.332104,66.01696,72.14448,72.40446,90.18415,46.17711,45.387245,40.994755,176.49092,52.489544,95.6643,115.05942,
117,75.02149731655489,24.20686,8.054895,15.162414,44.800217,53.197662,46.14766,116.00772,61.280186,54.687637,55.334877,20.217651,45.07525,205.16121,68.517715,315.72882,46.18518,306.57266,50.990227,89.86279,92.307785,34.75031,19.715122,31.515173,77.163,49.01552,118.42332,81.49031,82.21807,99.84309,43.65788,41.835114,37.32759,155.21822,48.4402,93.61035,121.92279,
118,194.02167469484192,24.383432,25.050339,33.28517,31.480194,29.73764,49.61759,39.007103,32.68017,33.015186,30.930185,25.097786,28.425142,21.937708,38.90773,32.46517,34.522694,31.265194,34.52017,36.267727,33.62773,27.250336,29.325363,29.250154,10.359943,29.91766,32.7227,32.82268,50.45095,35.050194,28.51514,28.60522,28.04018,37.61021,26.722832,30.382696,26.587685,
119,144.02924476614308,24.516863,16.75011,16.75257,39.65768,38.760223,73.60748,61.65035,43.52276,35.74518,73.302666,10.700038,37.60274,35.625164,40.297764,29.300152,43.96027,53.81481,34.132687,46.940243,32.077652,24.742634,90.62477,28.19764,33.49765,35.190163,34.935127,40.37515,50.640247,82.300026,40.15023,38.94521,34.655197,48.06521,42.692776,36.377766,28.96769,
120,194.02379125940675,24.564,31.654207,40.80147,40.22399,34.96166,38.026512,35.246613,39.97151,60.06429,36.86904,33.794147,35.099045,35.081608,46.271423,36.94408,44.57889,38.434082,73.89231,42.998917,66.26943,62.627377,34.209106,34.136505,33.826626,65.671844,67.15725,38.416496,40.921455,39.738956,35.409103,35.76414,36.14404,44.2839,36.18655,36.94155,32.454178,
121,154.0739595243024,24.908289,195.73257,130.27037,288.81274,195.55548,267.53333,197.32573,264.52588,241.47618,306.60104,132.57027,333.8607,194.59543,278.77832,191.14072,294.2336,185.24835,243.00262,285.69638,226.76105,127.150185,131.5603,149.90729,288.09488,227.15097,251.32292,239.50061,324.3773,323.0353,257.52295,248.49362,264.58115,246.28549,285.55087,230.68832,213.5261,
122,181.05362949214185,24.930998,8.640085,8.577601,30.217377,3.8081685E-5,41.027298,19.780304,23.11027,3.445738E-5,46.659893,5.2375584,49.6774,16.67772,19.202728,19.215239,53.135777,20.6454,9.055012,35.853027,13.995163,9.257608,10.662575,11.690061,18.002617,15.272545,10.033795,17.712685,16.442543,25.791363,1.3877498E-4,42.03333,3.2146217E-4,20.587685,78.147285,40.8806,87.39219,
124,73.04171086459152,24.987993,36.35768,45.61747,62.19039,54.59991,52.084946,65.324745,52.347755,63.997036,52.710175,98.117165,49.952915,95.18239,108.86984,160.86981,49.19026,117.98206,54.940254,89.96986,64.30238,90.19452,93.424995,55.635445,70.96048,59.758263,68.23279,67.21511,74.770676,74.29822,49.857956,39.322594,34.29016,147.9155,51.07543,62.255398,94.59535,
125,73.04196759599871,24.98785,38.775696,48.75814,65.5186,58.58076,55.893257,70.35832,55.45092,69.9058,56.008377,59.853493,52.59348,101.576256,152.66614,171.41707,52.610992,126.78394,58.23596,109.20117,69.10841,67.67853,69.28863,58.7111,74.61876,62.773907,72.56121,71.49853,120.4291,78.129036,52.578537,41.943153,36.635662,155.27957,53.82602,65.5661,99.56391,
123,428.9897605885038,24.986137,11.045064,16.005035,17.14505,16.794989,15.567523,21.700043,19.455067,20.232538,8.814987,13.737518,14.27252,29.767551,34.81,55.857544,10.062518,41.019802,5.7850103,27.670156,19.86499,10.407564,14.8700075,10.90003,13.325073,20.480043,15.142531,23.262556,15.835008,15.58004,15.772555,10.25501,8.990032,41.495018,7.155035,20.727522,33.212543,
126,107.0872319171665,25.334826,83.31332,0,149.64354,107.38833,140.55376,111.49863,144.89862,140.22366,149.45367,0,156.62614,122.88605,154.72859,137.54858,264.92233,130.81374,154.06839,0,151.0136,0,0,120.8784,165.75085,158.37854,159.671,147.16614,338.74414,334.02942,125.421036,0,125.56094,172.69113,148.64883,124.71121,0,
127,91.33071309658357,25.325478,0,62.010242,94.039314,87.35172,136.12164,119.62704,0,0,0,23.260489,91.208916,0,130.98764,87.858955,0,76.983574,77.589874,0,0,128.14928,0,39.394882,834.83466,89.69715,98.55556,0,0,0,112.632355,72.08043,85.08182,0,0,94.376686,68.49914,
128,94.70383757765693,25.36,0,0,0,0,0,0,0,0,0,0,0,0,0,0,0,0,0,0,312.9192,0,0,0,0,0,0,295.8566,0,0,0,0,0,0,651.2944,0,0,
129,125.06068043292832,25.51086,78.967896,81.53282,110.773026,86.20794,112.17539,227.39647,111.40788,105.64787,113.10538,77.945435,269.078,96.762856,111.900536,119.84531,139.99544,112.54529,329.26428,128.06772,110.51793,85.53284,74.42531,89.24543,122.14565,105.89322,116.44312,360.71664,134.41817,146.16559,93.11035,289.80496,237.21153,136.76555,120.8904,105.97051,121.57027,
130,109.06214799815339,25.595806,138277.98,117692.26,47184.94,0,44517.43,45641.004,45455.47,46509.215,44678.49,147833.8,44784.73,47334.395,47156.367,48716.55,43333.8,45059.188,49436.203,48629.754,48350.754,50152.15,0,50352.64,48581.293,49761.86,49112.22,48304.066,0,50107.797,43446.887,42542.848,41948.688,50206.258,0,42494.242,42938.01,
131,194.03417755471068,25.65177,0,0,353756.94,76391.59,73784.64,65454.76,75727.086,77455.54,302152.06,0,70329.41,76100.41,78131.95,313048.9,73192.92,296520.06,81535.26,79232.7,79995.6,81639.945,79353.43,80763.08,65258.53,82111.64,80564.88,80098.71,82792.945,81304.055,65476.066,305873.2,66023.695,81804.36,0,291422.8,66545.19,
132,194.0346026787361,25.692965,0,0,0,345792.97,33093.332,8152.6206,57703.03,363681.16,0,2516.332,16293.026,11174.474,23239.127,0,161548.67,0,381683.0,83641.35,285200.53,389409.12,86298.21,384740.47,12538.907,47985.688,392915.6,281463.28,87348.65,85259.58,14608.507,0,13840.093,87843.484,31470.352,0,3028.396,
133,180.005209036865,25.785717,1530.4801,1572.9822,0,0,0,0,0,2.6849766,0,1043.7932,0,0,0,0,30.867731,0,0,15.97765,0,0,23.197605,0,0,0,0,0,0,0,0,0,0,0,0,0,0,
136,149.00178044792347,25.808853,43.451508,37.891567,153.76657,87.66098,165.95193,100.43058,107.29306,113.63237,163.47684,39.96167,108.80291,104.80829,169.33,117.65554,395.0508,105.70312,97.36829,97.35437,102.565544,69.68608,88.929306,2.3198304E-4,116.65275,97.19308,112.993126,116.1655,131.0528,111.66779,9.3245634E-4,116.033165,149.7842,6.326898E-4,126.11286,106.95055,5.117023E-4,
134,149.00183219387281,25.809855,43.451508,37.891567,114.57564,87.66098,110.75523,137.48857,107.29306,113.63237,119.83795,39.96167,108.80291,144.66632,169.33,167.12108,395.0508,105.70312,97.36829,97.35437,102.565544,69.68608,88.929306,72.998505,165.38828,97.19308,112.993126,116.1655,131.0528,111.66779,140.37584,116.033165,109.293045,253.57693,126.11286,150.40091,141.0287,
135,149.00102448129644,25.811363,0,31.14388,108.01022,130.21164,116.13546,100.76806,140.77223,126.49546,114.99509,0,97.059784,1.3154298E-4,169.63983,109.817604,384.76944,104.7705,95.54815,113.95256,108.62578,69.43846,125.38062,118.53159,100.74461,85.3101,112.093025,118.52545,133.75784,118.17805,90.84766,113.57799,105.02032,284.29095,120.56748,95.59745,96.57771,
137,149.00138904060125,25.810757,0,31.741508,111.41095,93.00174,120.71144,104.071266,113.611496,179.24019,118.49333,0,99.91789,106.79391,174.97098,112.80574,406.91418,108.65633,99.24644,123.334564,113.71187,72.95671,139.07605,71.3714,103.24014,88.57829,116.288925,164.96634,138.43884,124.011795,93.50322,116.88619,108.27851,415.6708,124.4158,98.39805,98.8757,
139,151.02095969144008,25.838793,12.419798,7.567301,64.44002,56.285255,62.175644,69.44984,0,63.010788,62.237747,0,58.812416,67.147385,69.98287,71.409706,121.38753,75.34748,66.27286,0,65.4782,106.87437,28.38028,104.543594,44.3997,34.510708,69.613205,71.855865,0,0,56.909866,58.455006,56.230022,0,71.090744,60.089653,53.17453,
140,180.0136690674848,25.844255,0,0,3839.3152,2816.729,3759.3801,3625.4211,2333.3457,3762.9565,3709.7942,0,3798.097,2209.3765,3864.1301,3468.9602,38.169193,3646.2197,3372.0593,0,3395.7363,2993.034,0,3175.2876,2405.8093,2328.561,3917.5693,3885.2124,0,0,3533.3142,3541.5466,3474.5867,0,4428.965,3937.4841,3497.755,
138,137.04964923782833,25.843147,0,90.318085,1133.0098,832.4271,983.24524,487.27567,1301.1742,1090.7023,981.1912,158.92853,1001.6613,495.71048,1075.2092,888.7205,0,480.84845,1109.1642,0,1078.6704,538.1483,0,1142.3694,716.71106,579.16656,1104.3248,1210.8004,0,0,913.4923,890.1984,903.9721,0,1328.4695,457.58575,0,
141,180.01422915109558,25.895834,58.39051,0,0,0,0,0,0,0,0,61.805553,0,0,0,0,0,0,0,6333.3525,0,0,2384.5925,0,0,0,0,0,0,7098.219,0,0,0,2821.5674,0,0,0,
142,168.04713904538534,26.288568,33.503086,35.580536,118.1436,146.3239,190.71112,193.0509,187.32094,195.29103,211.91687,22.20776,228.17099,127.83562,189.18573,186.90411,392.63327,201.53847,145.70418,253.30084,165.49615,104.33579,217.62775,127.0516,150.62218,148.99918,193.44606,191.0479,221.89171,242.713,230.45876,261.93546,273.22232,335.4599,196.00085,269.63812,269.63248,
143,105.05124576098964,26.41457,138.72757,106.88675,181.69716,131.23918,163.28923,121.66968,155.4971,197.47665,146.66975,175.9851,141.6476,237.76674,249.85089,134.0467,110.256584,141.83443,174.49477,255.51031,152.31409,184.23372,222.18567,138.81453,217.79268,191.10062,191.95183,177.66684,158.07681,139.92952,137.95967,156.53947,114.47933,333.85718,185.20427,157.39476,155.98451,
144,208.06555138799405,26.543087,25.525097,17.527433,43.67472,34.87476,40.24967,35.999756,42.092167,41.102142,42.88224,18.1749,46.64222,37.904755,45.284653,67.88425,9.224882,45.974625,56.20992,0,42.1221,28.952343,24.689754,30.399834,49.82979,38.837303,43.994675,43.534668,53.33209,46.092037,38.079723,34.489643,72.36864,45.50204,37.477165,37.18724,41.484573,
145,125.09842967764692,26.543674,20.689926,21.527418,100.38221,48.84753,62.76774,53.09005,60.977646,66.20537,105.14467,20.30241,65.38991,51.91996,113.22722,63.972458,5.824998,101.54763,58.112373,0,106.039795,40.762405,37.560318,41.82969,105.92773,53.252296,66.11998,97.34237,146.08963,80.550835,52.06998,117.207466,56.02545,76.90537,60.470627,53.24521,59.01806,
150,270.18612394685465,26.953756,0,0,23.859966,21.539902,18.874752,21.584782,18.199892,19.712248,16.99487,0,17.059917,18.479866,22.144928,15.179812,13.369844,23.409918,17.31487,16.36491,17.784866,10.224832,25.914822,13.669964,22.60967,18.160246,20.119837,13.549714,26.620173,17.539915,22.629889,15.649781,8.449762,37.22493,19.564882,13.949818,11.029825,
148,270.16473443089177,26.95372,7.8999615,7.1399107,25.397318,26.130018,22.58508,23.200127,21.294987,23.402822,22.29247,7.8349485,20.424814,24.424992,26.02752,22.247454,18.452576,21.64016,22.107325,21.855072,24.744867,17.944902,30.672375,16.529833,23.827282,17.809769,27.704834,16.94989,25.327202,20.889809,23.999846,19.842604,17.479969,38.47986,17.86736,20.342339,17.529974,
149,74.03954421798447,26.959003,217.48755,200.09836,520.3985,532.0579,472.64166,487.72308,439.8908,565.65735,448.70438,250.28654,362.17297,526.92914,522.5232,478.05887,374.74445,441.84094,524.0334,473.23672,557.4068,452.84952,705.8972,474.70016,583.7425,551.4089,626.92737,505.51822,681.73083,538.55023,443.9737,354.34796,332.01315,887.07733,369.8014,390.35233,349.0834,
146,69.04355400754896,26.957148,57.07957,56.45713,102.239174,99.266846,96.64194,127.28431,94.79177,107.09954,93.55437,63.766975,92.751656,108.36438,148.71004,98.80936,108.77923,87.29194,102.39669,200.75609,107.321846,91.354256,125.96654,90.534164,162.26093,94.50404,174.5134,105.91927,136.03871,115.89395,48.3919,82.6319,78.146965,204.41852,93.89432,86.39932,78.76194,
147,101.06339667520506,26.957575,18.137566,17.88007,38.337658,40.93009,35.217552,39.65007,35.060143,43.287537,35.34759,19.542599,32.72522,41.63013,34.195232,40.800102,31.172604,37.57257,40.435158,41.51511,44.787563,36.330128,52.997643,33.71022,41.067802,32.83039,46.247696,40.280174,46.612835,38.550285,33.93017,29.835058,28.202574,65.89024,29.655159,30.679794,34.019882,
151,120.05451588447328,27.025576,26.217651,45.572777,40.325264,34.790215,70.12039,103.364746,107.31504,52.875317,137.3491,19.192629,166.89473,48.617817,57.962967,101.06227,710.06696,137.5873,38.912815,165.3087,32.570152,30.307678,27.787657,40.19024,38.25271,37.460205,34.522736,52.982876,36.49273,75.61052,138.59445,350.40192,344.00974,42.820274,301.2949,355.76666,515.692,
154,70.04546475188522,27.248999,39.065132,35.4551,87.02766,66.130264,85.510376,72.58534,206.2125,192.7602,193.18748,45.372623,78.37251,75.025375,232.60693,85.687775,207.12463,85.18295,196.66664,236.2893,83.45295,69.59276,103.70053,70.47768,75.66518,204.6346,89.07019,101.53281,122.05531,207.75018,61.952557,76.22263,72.71525,143.36295,97.384995,66.68019,83.3501,
152,70.04559461962579,27.248856,39.065132,35.4551,87.02766,66.130264,208.91258,72.58534,99.79771,81.32317,81.94518,45.372623,181.15941,75.025375,92.067894,178.37512,207.12463,181.03479,87.15779,236.2893,83.45295,69.59276,103.70053,70.47768,75.66518,84.745056,89.07019,101.53281,122.05531,434.93192,61.952557,76.22263,72.71525,143.36295,97.384995,66.68019,167.05508,
153,70.04560945155261,27.24914,39.065132,35.4551,207.68475,66.130264,85.510376,72.58534,99.79771,81.32317,81.94518,45.372623,78.37251,75.025375,92.067894,85.687775,461.9194,85.18295,87.15779,236.2893,83.45295,69.59276,103.70053,70.47768,75.66518,84.745056,89.07019,101.53281,265.66446,207.75018,61.952557,179.15207,155.90228,143.36295,97.384995,66.68019,83.3501,
155,98.06646801170865,27.673328,24.76529,20.410004,72.233665,57.343426,69.96118,54.54087,73.088646,67.35873,79.45122,17.645233,82.64637,51.743465,75.35619,61.02594,40.771217,57.02598,63.355972,0,65.45106,42.035736,33.485405,46.77575,125.4023,58.63109,70.43594,75.48372,168.88243,117.93442,68.70125,60.04119,53.288284,130.21988,73.8864,61.616104,0,
156,73.02635273844645,27.743378,19.592562,16.170147,46.567665,47.78531,68.76038,64.23785,87.30034,48.29036,88.89548,9.779963,159.73282,42.357727,43.53277,57.307785,0,89.04295,37.86025,125.628555,34.53268,22.3226,20.592607,26.427591,32.915123,32.685097,33.54262,56.510223,37.582653,86.9104,144.13548,218.98866,231.20683,42.615204,172.35306,148.63553,163.65819,
157,208.04102283704873,27.846283,216.04845,213.47604,702.0536,531.5048,606.5853,535.5199,648.1682,597.0187,1455.9833,212.92073,655.13715,569.0345,706.1506,749.98785,744.75134,686.40955,693.6207,1286.7886,645.9544,434.1375,832.35126,437.86353,1744.3113,681.71606,1618.6202,695.26587,818.57117,1134.584,519.7281,589.19403,562.63727,776.491,658.69543,495.6991,632.9261,
158,208.04092121586365,27.847425,406.4925,457.55075,1475.1675,501.82233,575.588,1146.0399,1569.0521,1512.6826,625.88794,424.25922,1422.4543,536.71497,1574.4827,1529.935,1350.7352,649.5557,1540.0392,1228.3408,612.23505,1067.7318,2436.425,1330.8911,731.15393,1679.0729,634.8062,654.15027,1622.7366,2883.6147,1204.785,1187.1978,1305.8691,1835.3104,1565.8267,1090.9799,1337.2628,
160,209.02553552855608,27.845284,26.574238,25.814316,81.332924,147.8361,93.86124,66.58338,73.82805,73.718414,74.78802,25.976784,72.02302,90.249985,82.865326,88.61504,94.18528,117.005104,76.722855,161.56375,196.05208,49.6912,96.055145,49.836044,88.35255,74.020294,77.4881,90.35338,93.35494,123.9017,57.89827,68.068275,66.52831,91.825386,74.69554,56.97341,74.03813,
159,82.05000305175781,27.848824,233.28879,210.71115,597.4984,1237.2274,1545.812,466.0155,545.65564,582.1541,863.3874,266.9438,504.2126,1320.4742,614.4461,620.3609,766.5376,561.93365,638.23364,3171.1301,1759.934,454.18262,793.1801,434.9724,662.9936,0,635.7811,1691.548,734.754,938.8426,404.25705,461.72272,465.26566,711.52966,516.3305,387.95972,490.0029,
163,126.10076849484255,28.081768,5.7000027,5.1851187,31.710045,23.152573,31.002705,26.01268,33.122665,31.172756,33.362625,10.972461,35.337574,25.057615,32.43507,57.007416,0,33.4527,29.039951,54.305885,51.792572,18.96002,17.055065,19.234951,63.825344,26.514933,32.922527,33.775078,41.22001,61.3928,24.762394,29.695356,27.55033,38.305073,31.332815,25.81774,31.480406,
162,70.0193218540062,28.083637,22.302668,19.817654,93.37509,36.202652,43.550137,36.92012,79.81916,46.53268,90.86472,23.835178,44.965233,75.197586,91.69423,43.540253,0,81.21756,43.435287,89.95026,46.280266,33.567738,35.167656,32.550255,41.922874,0,46.95775,49.37523,57.780388,141.41008,38.872635,40.955105,41.397667,59.09523,50.052643,39.64266,87.92473,
161,70.01989390886283,28.085503,21.597517,19.044989,0,36.09513,44.01023,37.38772,50.14265,83.457085,46.055077,23.105022,77.54682,36.617584,49.19259,42.58505,0,45.46775,84.96001,93.11343,45.512604,0,34.867584,31.385004,39.65238,0,45.807503,90.02259,0,78.14514,38.62759,87.09961,77.30297,58.08252,51.01285,39.957726,44.87793,
164,73.03661861968261,28.420425,23.455082,25.662582,38.925064,32.872604,64.73499,77.2196,34.022633,79.92279,68.17246,32.862568,34.12257,99.41495,129.09659,168.94072,35.36271,70.447876,33.972637,102.21539,69.892,71.56759,72.822586,34.395027,75.6426,34.64753,41.555107,40.375114,80.08951,46.45507,31.945053,30.397604,26.927626,116.01192,34.37762,70.52935,88.856804,
165,206.98867898703494,29.202719,46.547302,45.379967,53.40474,55.294815,46.054947,59.692383,55.37979,45.195053,49.26481,52.58215,56.762074,129.98233,56.82732,85.89717,53.354843,74.02228,104.35455,66.38467,53.872375,57.20961,55.032097,54.274597,57.95214,53.041977,59.574677,60.25218,117.43747,58.057014,72.95451,53.620033,50.20752,62.769592,76.129555,74.5447,79.387245,
166,206.9880664141616,29.203827,43.502777,46.25771,49.03785,54.60524,47.18516,128.91498,100.63524,49.71265,46.920227,46.03286,47.7629,62.225277,112.08238,173.96796,51.635242,76.447754,46.21782,63.615265,52.990257,52.43774,49.31778,47.010403,51.532875,0,55.04779,56.165344,50.095364,48.630432,65.55788,101.91741,52.255222,57.945335,68.84292,68.33543,155.5572,
167,120.0944458765657,29.69743,5.937524,5.7925386,5.479974,7.7400427,12.095072,10.712539,3.1800728,10.512591,2.62506,6.2425375,13.820066,8.605052,9.370048,11.317527,80.16256,12.700056,8.125137,31.372715,8.777544,8.045056,7.9050636,8.767567,8.307517,7.352415,7.8800344,6.6500444,9.392574,14.927609,12.43503,47.169983,11.370112,5.1400433,38.35751,41.86502,16.152515,
168,140.0893354914967,30.161718,3.1875057,3.6900005,4.930006,3.565011,6.847533,5.910035,5.8725424,4.6075315,8.785033,1.2425127,10.960069,3.7150183,4.7475014,3.5650482,12.282662,7.450053,3.8200245,10.797592,3.410016,3.2800093,3.3050241,1.6899853,2.6350145,3.4549885,2.9125328,4.5000257,3.752509,5.227515,12.3150015,83.03497,79.87757,3.5125246,36.782623,27.485155,148.7673,
169,167.07946535078116,30.184555,4.614853,5.9698668,13.109652,9.984737,20.449524,13.584617,16.907053,13.202201,22.54939,1.1849079,24.03936,7.227274,12.827165,9.354736,0,13.70963,8.844742,42.438953,8.139776,5.539809,6.3773346,5.5247784,7.3423195,6.9698086,6.7648,12.809609,8.154739,18.674444,61.059937,36.389114,38.38154,9.757241,89.772484,62.65481,32.23913,
170,74.03148542920977,33.013092,33.478092,33.6707,36.95058,108.4127,71.67255,35.705616,37.255493,32.87561,36.738136,32.21074,35.890423,36.860542,39.172916,35.725475,33.62078,33.975487,85.957214,139.14838,45.91751,36.66546,46.095257,33.15552,41.247818,0,45.37264,39.49283,35.796005,36.540318,97.02722,33.04308,64.4825,96.97102,37.355476,35.31551,34.110657,
172,148.02672884612417,33.54338,18.730015,15.960035,85.297714,65.692474,70.704956,65.63504,57.38748,51.45,87.20031,9.6075115,115.25589,41.710213,44.04523,59.232754,415.95047,94.00255,75.16252,214.42294,27.29999,16.45003,13.127523,22.712593,77.205215,25.285227,26.645178,81.170204,0,71.35022,84.96273,217.655,207.73041,24.297606,153.51291,177.32028,376.28052,
171,148.00902678269557,33.54551,0,0,39.172485,31.304924,157.75755,67.46793,121.9749,54.490654,181.48264,0,253.51048,41.97277,44.397804,59.39779,914.99664,98.150925,31.837498,474.92648,27.940126,0,0,10.477051,33.432602,16.109634,25.25488,37.760242,0,166.05994,183.89993,508.43253,468.3419,19.3623,333.67957,393.1148,853.9129,
173,57.03126990752051,36.293972,13.077484,18.594957,17.369959,26.760094,21.152483,32.430153,25.152615,20.380148,19.902575,14.11743,20.797316,43.037605,140.95296,207.35097,23.632526,170.3292,17.692524,482.39438,20.915237,20.789877,15.819971,0,20.734985,17.772446,19.142458,28.442272,21.46502,19.462547,27.890032,19.732666,18.475008,18.332558,23.405067,32.49001,50.37033,
175,207.01164171037613,39.316032,32.205032,29.842415,71.6756,57.000034,62.79208,65.51744,69.84006,0,72.17514,34.78779,167.45372,70.51507,74.77001,94.977554,112.29718,88.69499,58.55765,145.4078,59.68241,52.04526,191.8582,53.425434,73.98802,60.915833,66.34534,72.470566,71.81282,221.73601,78.148026,90.45958,90.2074,104.85743,97.808365,186.75339,117.25014,
176,266.03587832374234,39.315006,15.830032,14.615076,50.892788,38.972824,53.030495,48.470406,52.995514,40.88539,62.59555,10.747467,117.311775,43.868042,53.61538,58.607876,110.33813,61.81298,38.925316,125.78586,36.82038,27.66514,111.15674,30.517778,50.64028,33.965298,42.815098,51.657883,45.500244,133.62952,62.995453,88.898224,85.590546,78.26781,86.18075,127.75219,103.38834,
177,266.031303559175,39.317,15.970118,14.9876,86.125305,70.07269,99.9028,87.180046,93.07045,115.05302,111.662926,10.162573,60.124264,74.59794,95.984764,135.25314,115.1332,117.62518,69.480576,230.12683,91.12094,26.777964,63.875923,28.723223,118.153404,66.2148,108.708466,91.735115,102.94145,68.70433,60.0889,92.9857,87.15333,158.99799,80.2048,74.03428,102.96912,
174,207.01247467506056,39.317,32.987797,30.717602,68.48642,61.297825,71.80745,70.752716,72.37822,67.28703,74.17358,34.072975,73.50931,74.63576,78.62808,98.76078,241.90298,97.93525,59.99054,153.75645,64.887596,50.335743,92.2585,51.24101,72.813614,53.561356,64.84596,74.06866,70.353516,92.54959,146.3377,99.56778,182.92441,108.138535,188.95116,86.328995,120.758995,
178,73.036138048444,39.599564,19.511456,20.893784,30.483189,26.845922,30.51091,69.04483,26.515944,36.665455,54.997246,25.555777,27.425848,102.54338,153.49706,189.81943,24.291077,142.62973,26.60339,117.556564,35.90053,31.208141,31.378351,26.388433,31.653105,25.18098,70.82437,31.315716,112.83787,34.888,25.97351,23.533604,20.823765,173.13023,26.313454,35.400394,50.002235,
179,73.03558672583078,39.59971,19.511456,20.893784,30.483189,26.845922,58.230247,37.762928,26.515944,75.58515,30.068342,25.555777,55.39501,59.23689,77.4537,94.090034,24.291077,70.1337,26.60339,117.556564,74.389725,31.208141,62.14998,26.388433,70.5142,25.18098,34.370537,31.315716,42.522568,34.888,25.97351,23.533604,20.823765,89.73524,26.313454,35.400394,50.002235,
180,71.05260895440897,39.91857,11.879967,16.000185,16.442623,29.067656,21.285181,65.84736,25.825119,23.395273,22.007534,14.022436,35.970245,89.18724,114.91367,155.51585,18.557587,81.12724,20.057499,734.70514,26.192745,56.493973,15.837488,25.934944,22.889978,18.119774,22.444967,32.17256,24.017323,16.242598,30.152418,23.287695,20.53256,16.649982,24.765047,34.334972,92.0927,
181,71.07654440640468,42.484524,0,0,7.700178,59.020058,18.484869,70.007195,32.067715,12.334738,36.59835,0,58.710278,86.68183,109.435555,141.36195,23.102528,61.79473,16.445393,666.2266,53.24987,50.20102,10.164125,43.472645,26.332981,27.075027,25.32512,43.916447,60.093502,8.115147,32.02096,26.462273,21.184301,5.135433,30.117744,42.85287,106.867004,
182,73.04364706427441,43.224846,30.775146,35.575127,43.322716,80.96631,43.152523,60.762672,41.78255,49.78997,47.11517,42.425056,43.505188,97.54755,115.90509,151.6175,35.44259,105.59755,43.56511,187.25983,68.885185,94.69974,47.417717,41.285156,102.6364,44.160313,54.49253,49.745056,77.22275,113.127625,42.865204,34.135136,31.842695,200.48228,42.07272,64.687645,85.25255,
184,73.0429707868352,43.224987,31.035202,35.99772,43.2402,46.272835,76.23317,118.55699,42.10762,94.38349,85.18139,42.05998,85.36174,98.99286,116.287674,154.62312,35.470097,110.62862,43.840168,186.17708,117.99864,46.449997,47.3327,40.692528,48.482616,42.855034,109.36446,49.942604,135.1514,52.72747,42.545135,34.452705,31.875202,200.50978,41.325058,106.09119,146.09521,
183,73.0430618048424,43.225277,31.015717,36.11818,42.61777,46.69262,44.177696,62.19945,41.967564,53.494606,46.552547,41.267506,41.61271,161.14697,197.02756,278.82498,35.287792,204.81277,43.61259,180.67416,71.674164,45.34986,46.63256,39.82276,47.494965,41.355007,53.354343,49.55463,72.59871,51.064518,42.087578,34.568153,31.82565,317.37955,40.247627,62.914227,85.83334,
185,149.0190857113121,44.373123,0.8001709,0,0,0,0,0,0,0,0,0,0,0,0,0,109.71675,0,0,7.375145,0,0,0,0,0,0,0,0,0,0,0,37.5126,69.78225,0,11.024759,17.655396,113.60437,
186,71.0798903375285,44.538166,0,0,5.329836,51.477573,19.129751,56.171814,32.562553,16.597439,34.958534,0,20.935108,74.08743,84.2746,100.54947,16.902948,51.679916,14.294844,351.88522,26.300207,14.702206,0,12.715042,39.04206,0,18.340078,38.08257,35.367516,6.3799934,36.64,19.874683,18.540228,3.2244587,32.197567,43.607464,79.88893,
188,354.9909322661504,45.895866,6.564213,38.885025,20.341516,24.516293,19.49157,39.261,22.024218,23.136162,27.03641,20.594069,23.814,61.090282,72.32715,101.296524,14.014553,70.269165,18.901657,158.45164,38.14843,18.081753,13.842173,15.021868,21.756546,18.339102,22.199177,24.12641,62.419254,21.533976,28.40385,18.451702,15.5616665,203.09595,22.98403,69.98968,82.873825,
187,73.04518985621336,45.89787,56.220367,68.94789,112.04942,110.3482,67.00007,96.06947,88.878235,117.252815,77.685074,120.657814,108.04802,151.66827,164.89816,208.2071,58.02039,150.2711,127.190834,279.0182,115.16141,74.04746,77.11496,68.77505,108.226715,118.39839,128.9898,80.70471,138.04561,136.20686,109.98136,57.332832,53.038017,417.03528,111.08451,102.80207,113.374245,
189,71.0832019482698,46.287678,0,0,7.974245,25.097036,0,43.607388,27.695484,3.8198452,14.489841,0,20.715553,36.78239,62.754257,50.029835,9.849821,36.617195,12.144976,284.33575,23.952017,0,0,0,18.735231,16.510687,17.855291,35.104507,7.2351265,7.7001762,32.857773,22.10253,10.034815,4.42984,30.392647,35.067688,41.38985,
190,57.04369605132756,46.287724,16.652498,21.152554,22.920132,41.049957,23.30993,49.967712,42.48246,22.872437,46.64733,19.522568,33.312607,59.30501,55.237648,118.566,29.952616,63.38514,24.552538,573.76013,34.59499,21.19252,18.700115,20.355022,41.555412,29.04275,29.512661,43.70755,24.487608,25.555132,46.985157,31.56259,29.477634,20.865078,41.820152,55.89768,93.78274,
191,57.042064376480305,47.83456,16.91765,21.867634,23.802528,35.03016,23.620224,41.602703,35.352516,21.262571,28.940235,19.099894,32.269966,46.70032,45.71013,62.930405,32.680084,51.438194,25.755156,575.156,47.20259,19.48245,19.487503,20.669924,28.427464,28.209875,30.912472,37.2502,25.427494,27.590055,41.829952,33.745167,32.632576,22.79756,40.5075,47.32268,84.37567,
192,354.97511795637956,48.078556,19.24749,44.89981,25.642553,29.567545,25.024956,45.149826,41.497635,27.75981,34.640015,25.825058,33.07522,77.389755,84.892235,106.326866,20.120008,81.87919,35.389664,189.81184,38.824696,21.282663,23.237507,18.99261,28.75504,44.342426,26.567417,26.312551,60.147865,27.525352,34.85008,34.62725,31.082817,404.99655,31.362688,59.602757,61.122417,
194,147.0234992154524,48.081417,21.299778,37.802605,46.929962,50.382553,42.030083,39.982616,29.540012,60.85504,42.25634,40.13686,42.389046,64.88255,69.647446,82.62021,24.48755,62.517464,31.875187,149.03496,40.427517,30.012602,36.020035,27.835173,49.764366,29.540176,53.888966,30.397654,56.942406,52.020023,44.807537,25.012608,24.037485,225.96005,37.84384,45.132687,43.70511,
193,354.9745901994932,48.0787,18.859907,62.26488,24.749863,29.572546,25.925148,69.55209,26.775042,30.19533,34.054893,24.167204,30.719717,113.1238,84.31711,107.3821,20.019987,87.05529,24.252531,187.50134,59.69272,20.0524,22.527355,18.092419,28.187418,21.514801,25.654722,26.250038,54.6942,25.239864,32.674614,26.037518,21.509983,297.10962,29.519794,56.119514,93.11677,
195,59.0168696479582,48.948425,34.57759,38.530037,173.44669,19.950172,255.43651,179.51692,176.276,185.17561,283.8104,17.387648,353.54565,118.10478,128.00272,85.44769,74.47316,122.642075,90.24569,73.55946,103.28235,22.28774,23.52276,15.142654,78.23311,72.10155,111.561005,90.658066,121.43656,48.53559,58.424995,515.3611,505.47314,33.085148,413.41306,479.19037,354.34186,
196,69.0496885477163,49.664726,431.0362,394.7048,851.43964,788.6433,981.10266,988.8092,996.2274,863.71564,1082.4204,269.7671,1026.0188,883.57196,915.5487,655.92084,1334.7786,795.6745,821.51697,1110.5319,833.2972,463.44632,451.60532,435.80807,762.0745,589.175,833.31134,908.1559,1025.2699,841.1707,984.269,1047.9108,982.9178,884.0275,1121.6232,1003.58606,887.00964,
197,354.9844387209697,49.95213,23.059366,52.42201,30.595045,31.369152,29.167341,192.02725,32.54013,28.139011,39.017506,22.825783,38.597744,126.13727,73.22447,104.13896,20.390417,81.78813,29.312574,177.978,34.5698,26.965355,24.47488,11.949905,56.76369,23.583319,33.64504,30.092287,65.01073,51.533867,62.622005,33.107468,29.572527,316.91946,40.29551,217.07814,70.074974,
198,354.9813542343202,49.952847,25.144812,54.28741,57.727364,63.150326,29.86749,107.325195,61.972923,61.489563,64.65941,21.763056,51.451637,128.6378,75.38494,108.03729,18.452503,87.33431,39.094448,184.60942,61.22469,26.580273,24.414867,11.949905,34.920242,55.206806,48.54564,66.33783,64.28807,34.855286,41.63035,33.535057,38.666885,322.40567,65.98318,136.85596,71.155205,
199,221.0161242746303,49.953274,19.312546,52.27752,24.795008,29.952572,21.575272,104.57533,27.117525,27.435081,33.43243,21.110048,34.167538,136.43271,115.203766,107.145386,20.507502,111.924255,25.31488,199.85994,33.355026,24.362473,20.82005,19.935043,31.572567,22.500004,30.71005,26.435074,58.380974,32.700012,35.05014,26.487549,22.5176,353.43533,31.472673,135.66533,93.37709,
200,235.00718390303388,50.52444,4.8025074,3.1174603,4.7225685,4.5575447,5.0799637,4.627527,5.3000374,5.8475037,2.9725304,4.907488,5.6150494,5.385092,6.3150215,6.3499565,5.612545,2.6073093,687.2557,9.824335,663.2629,5.1674347,4.7774887,5.847538,3.2375565,295.34692,678.4051,5.2800407,5.8525085,2.9248009,4.095064,5.5849876,5.009943,5.26256,2.815071,5.6650505,1.9124794,
201,221.01942456464235,51.61757,23.172512,56.764755,27.097517,33.322388,26.66483,63.864532,32.607582,28.322317,37.79241,22.560133,38.352604,91.88415,64.05705,105.96416,19.360638,88.726395,26.26266,178.75876,30.08243,25.627558,22.495087,22.587536,37.867596,26.020212,33.53238,30.42746,83.735306,35.31512,63.04052,32.777443,30.54992,319.21417,61.194824,93.79512,91.01947,
202,221.01751023563756,51.618523,26.051737,95.49404,28.956532,36.758755,29.903912,118.88344,35.111465,33.066406,41.7812,23.336632,40.423683,138.6947,107.43776,175.13057,15.29977,155.47029,27.294128,197.62982,33.011482,26.694054,23.17924,23.436567,39.178814,0,34.33618,32.846394,56.858112,35.458855,47.166058,36.63879,33.386345,328.71283,47.848534,95.559906,138.89603,
203,354.9870139988629,53.14487,46.45025,181.46886,48.947777,59.41767,51.265217,94.505104,60.692696,49.820335,59.46037,39.285194,60.27281,199.1633,74.57522,883.27277,51.445312,943.7058,43.80761,339.32794,53.087845,41.962685,41.37526,42.18522,62.062744,41.83779,51.45533,55.027763,61.972775,49.097607,81.30052,59.745132,55.532837,249.1449,80.04031,167.77284,1084.8634,
205,430.1958119937214,53.46358,13.130648,5.624056,42.085358,42.816517,53.868816,52.28641,58.385376,33.191067,70.80772,3.3844318,94.9417,38.698593,43.90365,0,149.89426,0,30.240837,66.56073,31.898659,8.180122,18.970339,9.634893,38.65262,22.143919,32.010086,40.61592,37.08734,43.687252,116.68935,118.05873,87.54352,38.503212,135.12454,86.40262,0,
204,164.02906075039175,53.467415,13.462082,18.785416,29.927715,31.00502,35.919827,54.27169,2.6346464E-4,24.633928,45.310036,7.1370354,29.408018,27.892397,34.542496,31.974985,69.31261,38.76732,26.9899,48.473923,27.414846,17.492825,18.658297,6.3481426,23.11409,14.310598,28.187588,31.414875,30.38293,35.850418,33.55504,48.028202,71.61716,31.077713,64.79517,63.849945,57.192364,
206,430.1941177826952,53.464516,13.130648,5.624056,53.686882,45.63247,78.505005,54.76755,58.92258,53.7702,97.71756,3.3844318,68.7043,68.656075,45.70516,0,118.873856,0,30.240837,67.69761,34.579685,8.180122,18.970339,8.732889,45.902496,19.243013,30.925682,42.160072,63.36815,53.26506,87.12617,96.68758,89.96219,39.660076,106.414345,83.68662,0,
207,430.19542324613656,53.464184,13.130648,5.624056,39.874954,45.209877,57.97484,68.82927,72.478935,39.967278,68.8224,3.3844318,62.42047,38.267517,44.189835,0,114.265366,0,28.875546,67.46506,35.52739,7.242422,17.750078,6.8474865,37.647522,0,28.440151,41.79249,30.27081,35.520824,81.18489,95.78738,112.785515,34.992718,99.872955,106.013596,0,
208,57.04108189159383,55.57428,23.015104,25.230093,23.24256,32.167786,27.060057,46.697754,32.53769,21.76,29.875143,16.135025,33.69775,44.772697,30.285118,250.11667,35.947647,122.12009,20.387566,116.382965,21.792551,16.58019,17.105076,17.42018,21.190159,22.227596,22.48018,27.697601,21.252636,21.960064,83.36052,57.03273,89.47552,20.31519,92.96052,85.00068,279.7105,
209,396.26454252849084,56.23773,0,0,0,0,0,0,5.7597694,0,14.435091,0,18.95265,0,0,0,41.617535,0,0,26.924887,0,0,0,0,0,0,0,0,0,0,40.62961,34.79751,36.926384,0,37.04247,30.164612,29.384972,
210,231.109283960956,56.241333,0,0,0,0,0,0,0,0,6.354759,0,16.292187,0,0,2.0946484,38.65236,0,0,29.60263,0,0,4.0398083,0,0,1.5897331,3.790062,2.4055138,0,0,27.349226,32.260185,41.254227,0,33.16958,25.184704,23.164965,
211,218.1352484031586,56.90373,39.59006,35.4851,68.5902,109.63531,75.39523,59.585373,85.715324,58.25805,75.55268,36.02762,109.78322,45.170197,63.415016,43.367775,93.68519,62.342762,68.5602,106.80769,101.45482,69.1626,67.17004,115.35014,54.742645,50.814404,71.80747,109.947586,105.73511,106.16007,56.50508,45.875313,81.36049,107.04527,67.404945,47.64272,31.042528,
212,218.13550068530748,56.904575,40.107674,35.99771,111.2398,59.487694,144.19716,61.54329,86.40547,63.55418,127.794525,35.0074,63.399605,46.302944,112.077194,44.578033,161.00758,64.61575,122.94511,201.77963,56.78813,67.10716,65.43467,59.17204,53.974976,0,130.4998,60.017838,100.91908,100.69141,55.27482,47.08557,82.61326,104.92731,65.45203,47.26014,31.447615,
213,218.1366180742603,57.28766,47.0855,33.163013,105.36325,86.155975,102.39478,100.83699,237.82501,0,86.03804,61.179802,65.59511,72.5012,92.71918,102.59396,105.36355,257.17584,220.78249,172.21536,85.343735,213.70712,96.55487,92.294525,75.51512,202.84723,226.71469,84.60599,287.23975,195.80118,40.477745,49.672974,50.092957,244.98422,53.040108,41.38281,19.712914,
214,218.13439493776647,57.29098,48.999977,33.11,184.2603,85.739815,197.4427,191.99557,133.6647,111.226395,146.87473,0,59.517105,76.39248,97.55522,180.38002,103.39732,155.17801,118.347275,175.71759,88.59984,107.17422,86.14686,79.086914,136.36012,0,118.26416,150.6234,0,0,38.117496,52.65022,50.612755,122.62422,47.167305,38.2222,21.354416,
215,218.14193905729496,57.73293,164.8368,136.47076,299.71783,453.8032,626.8193,491.66003,657.2463,0,589.61676,298.0455,477.10675,185.98582,480.8466,188.00024,714.77014,513.1573,569.753,823.7691,466.22552,606.66266,579.5955,286.2695,437.03687,238.49548,578.8886,486.7626,963.3864,975.0536,375.17682,637.16455,184.23538,837.6189,472.21643,307.91263,110.797005,
216,218.14243500600887,57.736656,298.43762,244.66277,280.60217,260.6377,360.8959,278.80835,387.64987,302.78735,326.99054,0,247.1224,337.01093,264.52515,339.02103,394.45303,294.12332,312.87732,461.10532,259.74283,285.18015,298.40738,0,229.90521,0,307.6323,267.57513,0,0,181.24213,276.1882,187.13031,438.99734,239.75252,173.38036,110.15257,
